date,Battery (Charging) -  GWh,Pumps -  GWh,Coal (Brown) -  GWh,Coal (Black) -  GWh,Bioenergy (Biomass) -  GWh,Distillate -  GWh,Gas (Steam) -  GWh,Gas (CCGT) -  GWh,Gas (OCGT) -  GWh,Gas (Reciprocating) -  GWh,Gas (Waste Coal Mine) -  GWh,Battery (Discharging) -  GWh,Hydro -  GWh,Wind -  GWh,Solar (Utility) -  GWh,Solar (Rooftop) -  GWh,Wind (Curtailment) -  GWh,Solar (Utility) (Curtailment) -  GWh,Coal (Brown) Emissions Vol - tCO₂e,Coal (Black) Emissions Vol - tCO₂e,Bioenergy (Biomass) Emissions Vol - tCO₂e,Distillate Emissions Vol - tCO₂e,Gas (Steam) Emissions Vol - tCO₂e,Gas (CCGT) Emissions Vol - tCO₂e,Gas (OCGT) Emissions Vol - tCO₂e,Gas (Reciprocating) Emissions Vol - tCO₂e,Gas (Waste Coal Mine) Emissions Vol - tCO₂e,Emissions Intensity - kgCO₂e/MWh,Volume Weighted Price - AUD/MWh,Battery (Charging) Market Value - AUD,Pumps Market Value - AUD,Coal (Brown) Market Value - AUD,Coal (Black) Market Value - AUD,Bioenergy (Biomass) Market Value - AUD,Distillate Market Value - AUD,Gas (Steam) Market Value - AUD,Gas (CCGT) Market Value - AUD,Gas (OCGT) Market Value - AUD,Gas (Reciprocating) Market Value - AUD,Gas (Waste Coal Mine) Market Value - AUD,Battery (Discharging) Market Value - AUD,Hydro Market Value - AUD,Wind Market Value - AUD,Solar (Utility) Market Value - AUD,Solar (Rooftop) Market Value - AUD
1998-12-01,0.00,-24.36,3277.81,6472.65,0.00,15.22,233.59,171.45,71.79,0.00,0.00,0.00,548.71,0.00,0.00,0.00,0.00,0.00,4154933.55,5971914.99,0.00,15999.76,134246.40,114322.10,61936.36,0.00,0.00,970.88,24.68,0.00,0.00,0.00,0.00,0.00,0.00,0.00,0.00,0.00,0.00,0.00,0.00,0.00,0.00,0.00,0.00
1999-01-01,0.00,-42.41,4351.95,8146.82,0.00,3.58,349.21,216.67,108.65,0.00,0.00,0.00,723.98,0.00,0.00,0.00,0.00,0.00,5532632.08,7536432.00,0.00,3755.77,200936.38,143386.05,94216.95,0.00,0.00,974.95,18.45,0.00,0.00,0.00,0.00,0.00,0.00,0.00,0.00,0.00,0.00,0.00,0.00,0.00,0.00,0.00,0.00
1999-02-01,0.00,-21.76,4153.15,7545.69,0.00,2.11,349.69,203.70,110.14,0.00,0.00,0.00,597.19,0.00,0.00,0.00,0.00,0.00,5319722.20,6983145.71,0.00,2218.78,200757.24,135630.12,94722.20,0.00,0.00,984.26,17.32,0.00,0.00,0.00,0.00,0.00,0.00,0.00,0.00,0.00,0.00,0.00,0.00,0.00,0.00,0.00,0.00
1999-03-01,0.00,-64.14,4622.72,8217.25,0.00,11.16,253.31,235.47,124.77,0.00,0.00,0.00,555.51,0.00,0.00,0.00,0.00,0.00,5904469.69,7604685.81,0.00,11701.17,145217.25,157341.22,106597.13,0.00,0.00,998.14,16.93,0.00,0.00,0.00,0.00,0.00,0.00,0.00,0.00,0.00,0.00,0.00,0.00,0.00,0.00,0.00,0.00
1999-04-01,0.00,-18.47,4204.93,7707.56,0.00,1.74,350.19,221.98,87.84,0.00,0.00,0.00,515.23,0.00,0.00,0.00,0.00,0.00,5404136.69,7098256.98,0.00,1812.13,201640.50,149516.58,75407.52,0.00,0.00,989.27,18.40,0.00,0.00,0.00,0.00,0.00,0.00,0.00,0.00,0.00,0.00,0.00,0.00,0.00,0.00,0.00,0.00
1999-05-01,0.00,-52.86,4357.78,8449.53,0.00,3.68,407.02,233.69,69.47,0.00,0.00,0.00,502.40,0.00,0.00,0.00,0.00,0.00,5595968.85,7754284.00,0.00,3866.45,233963.50,158440.56,59347.35,0.00,0.00,988.20,22.64,0.00,0.00,0.00,0.00,0.00,0.00,0.00,0.00,0.00,0.00,0.00,0.00,0.00,0.00,0.00,0.00
1999-06-01,0.00,-39.99,4491.31,8811.20,0.00,0.31,358.50,212.81,82.74,0.00,0.00,0.00,480.18,0.00,0.00,0.00,0.00,0.00,5721962.00,8097975.74,0.00,328.57,205240.99,147104.54,70337.79,0.00,0.00,989.30,24.26,0.00,0.00,0.00,0.00,0.00,0.00,0.00,0.00,0.00,0.00,0.00,0.00,0.00,0.00,0.00,0.00
1999-07-01,0.00,-35.85,4866.18,8784.78,0.00,0.00,363.77,237.37,97.96,0.00,0.00,0.00,565.85,0.00,0.00,0.00,0.00,0.00,6232512.67,8105906.13,0.00,4.86,206700.75,161383.70,83828.37,0.00,0.00,993.97,20.46,0.00,0.00,0.00,0.00,0.00,0.00,0.00,0.00,0.00,0.00,0.00,0.00,0.00,0.00,0.00,0.00
1999-08-01,0.00,-33.76,4670.05,8628.74,0.00,6.66,456.39,230.09,127.91,0.00,0.00,0.00,523.48,0.00,0.00,0.00,0.00,0.00,6003741.02,7991935.14,0.00,6993.63,256771.94,153065.72,109121.30,0.00,0.00,993.98,19.93,0.00,0.00,0.00,0.00,0.00,0.00,0.00,0.00,0.00,0.00,0.00,0.00,0.00,0.00,0.00,0.00
1999-09-01,0.00,-3.54,4403.74,8002.09,0.00,0.00,346.19,210.35,115.84,0.00,0.00,0.00,450.32,0.00,0.00,0.00,0.00,0.00,5667918.77,7408755.60,0.00,0.00,197823.37,146614.38,99986.96,0.00,0.00,999.71,17.01,0.00,0.00,0.00,0.00,0.00,0.00,0.00,0.00,0.00,0.00,0.00,0.00,0.00,0.00,0.00,0.00
1999-10-01,0.00,-7.80,4453.80,8045.23,0.00,5.88,340.94,230.82,166.73,0.00,0.00,0.00,495.77,0.00,0.00,0.00,0.00,0.00,5708594.42,7425855.92,0.00,6166.93,193933.23,157391.22,140479.34,0.00,0.00,992.79,17.88,0.00,0.00,0.00,0.00,0.00,0.00,0.00,0.00,0.00,0.00,0.00,0.00,0.00,0.00,0.00,0.00
1999-11-01,0.00,-11.95,4399.99,7827.70,0.00,3.06,312.70,213.81,148.14,0.00,0.00,0.00,516.82,0.00,0.00,0.00,0.00,0.00,5602883.37,7229685.91,0.00,3214.40,176894.70,142455.18,123572.55,0.00,0.00,990.19,16.92,0.00,0.00,0.00,0.00,0.00,0.00,0.00,0.00,0.00,0.00,0.00,0.00,0.00,0.00,0.00,0.00
1999-12-01,0.00,-30.10,4537.54,8037.80,0.00,0.82,318.71,225.19,168.22,0.00,0.00,0.00,505.70,0.00,0.00,0.00,0.00,0.00,5794801.80,7447181.53,0.00,867.41,182230.79,152564.62,138344.72,0.00,0.00,996.52,23.33,0.00,592217.85,84346331.34,191559210.44,0.00,36984.11,12798754.66,6708285.37,5597533.21,0.00,0.00,0.00,10475807.98,0.00,0.00,0.00
2000-01-01,0.00,-35.84,3990.80,8387.16,0.00,16.10,519.58,226.97,257.34,0.00,0.00,0.00,524.30,0.00,0.00,0.00,0.00,0.00,5070011.79,7782823.63,0.00,16897.73,292988.27,152528.82,213855.53,0.00,0.00,974.27,58.55,0.00,11153737.38,133267807.41,557385252.81,0.00,11328630.88,23855461.32,13492288.43,29976087.23,0.00,0.00,0.00,31602686.50,0.00,0.00,0.00
2000-02-01,0.00,-51.94,4115.88,8154.24,0.00,5.53,665.11,212.95,292.17,0.00,0.00,0.00,683.53,0.00,0.00,0.00,0.00,0.00,5248649.47,7538754.78,0.00,5824.83,375236.56,140687.26,237262.27,0.00,0.00,962.28,55.38,0.00,1643935.82,263931968.48,346366534.57,0.00,2077614.19,80737750.73,18214056.81,22724500.84,0.00,0.00,0.00,47942704.81,0.00,0.00,0.00
2000-03-01,0.00,-63.57,4642.27,8528.57,0.00,22.93,376.44,214.50,229.03,0.00,0.00,0.00,638.94,0.00,0.00,0.00,0.00,0.00,5925033.93,7908664.20,0.00,24071.60,214467.64,137233.38,185479.39,0.00,0.00,986.69,47.34,0.00,4967116.40,186487282.71,381768028.63,0.00,3187469.37,47336117.23,14045899.17,20674307.78,0.00,0.00,0.00,31388719.47,0.00,0.00,0.00
2000-04-01,0.00,-32.45,4376.48,7864.18,0.00,3.94,209.70,210.68,156.49,0.00,0.00,0.00,464.87,0.00,0.00,0.00,0.00,0.00,5574203.97,7269700.55,0.00,4133.77,120564.35,126522.79,126350.19,0.00,0.00,997.55,32.30,0.00,1274284.55,113959849.63,253194653.49,0.00,514570.84,10406004.48,7435310.35,7013229.36,0.00,0.00,0.00,13499861.62,0.00,0.00,0.00
2000-05-01,0.00,-37.58,4464.37,8859.69,0.00,2.00,433.18,223.61,163.47,0.00,0.00,0.00,509.32,0.00,0.00,0.00,0.00,0.00,5727942.44,8211731.61,0.00,2097.51,243706.76,133655.83,126475.16,0.00,0.00,988.20,58.62,0.00,1433543.33,232181200.44,498402438.50,0.00,1780094.74,31771916.48,13233215.90,15835179.99,0.00,0.00,0.00,45532538.20,0.00,0.00,0.00
2000-06-01,0.00,-65.64,4146.30,9245.77,0.00,6.50,651.30,223.59,205.91,0.00,0.00,0.00,633.52,0.00,0.00,0.00,0.00,0.00,5373928.61,8545816.36,0.00,6762.07,365923.91,130150.34,153937.24,0.00,0.00,968.72,45.73,0.00,1936737.02,183666073.39,390370355.13,0.00,882908.17,38619534.24,12040885.55,12423327.44,0.00,0.00,0.00,35464499.64,0.00,0.00,0.00
2000-07-01,0.00,-95.91,4418.42,9524.90,0.00,4.64,356.92,230.16,193.72,0.00,0.00,0.00,727.66,0.00,0.00,0.00,0.00,0.00,5682236.74,8800743.32,0.00,4873.67,205320.59,132827.71,143681.37,0.00,0.00,974.56,52.36,0.00,3538104.92,213479746.45,480807441.74,0.00,661274.23,22624148.38,12674257.56,14401106.29,0.00,0.00,0.00,38540955.40,0.00,0.00,0.00
2000-08-01,0.00,-122.87,4164.90,9553.45,0.00,2.30,327.16,235.99,214.11,0.00,0.00,0.00,739.11,0.00,0.00,0.00,0.00,0.00,5366620.30,8840084.23,0.00,2414.21,187890.03,137092.29,160871.69,0.00,0.00,972.27,55.33,0.00,3794339.69,241770713.82,471292291.36,0.00,284147.14,24061621.26,14461002.58,15774052.83,0.00,0.00,0.00,49165639.55,0.00,0.00,0.00
2000-09-01,0.00,-22.14,4170.28,8348.28,0.00,0.05,192.77,224.37,149.71,0.00,0.00,0.00,663.00,0.00,0.00,0.00,0.00,0.00,5341969.72,7769052.82,0.00,48.63,110994.67,131755.53,109181.46,0.00,0.00,980.82,27.65,0.00,478015.84,106504243.36,225750663.91,0.00,5465.81,7496728.84,6731562.06,5099794.80,0.00,0.00,0.00,16370631.89,0.00,0.00,0.00
2000-10-01,0.00,-12.16,4331.62,8452.48,0.00,4.50,211.74,230.20,159.56,0.00,0.00,0.00,595.87,0.00,0.00,0.00,0.00,0.00,5527820.41,7909286.16,0.00,4726.83,121921.50,133286.81,116188.03,0.00,0.00,988.51,37.63,0.00,251549.05,127391699.97,329753047.28,0.00,574018.49,10236044.55,9386608.77,10537063.14,0.00,0.00,0.00,20881477.75,0.00,0.00,0.00
2000-11-01,0.00,-67.66,4268.18,8485.07,0.00,8.40,259.38,225.93,160.04,0.00,0.00,0.00,381.51,0.00,0.00,0.00,0.00,0.00,5437848.62,7871850.59,0.00,8866.28,148926.56,130633.43,117020.64,0.00,0.00,999.58,37.74,0.00,1257400.86,145072095.38,299908040.19,0.00,503359.86,17232666.10,10557901.32,8908544.71,0.00,0.00,0.00,15023640.02,0.00,0.00,0.00
2000-12-01,0.00,-106.34,4689.28,8590.24,0.00,5.36,227.50,265.25,119.25,0.00,0.00,0.00,375.26,0.00,0.00,0.00,0.00,0.00,5977952.97,7943840.09,0.00,5611.21,130837.28,144597.08,93070.84,0.00,0.00,1009.18,32.04,0.00,2048400.14,118244506.65,285079309.22,0.00,669109.78,10490974.00,9056560.36,7032590.47,0.00,0.00,0.00,12972462.83,0.00,0.00,0.00
2001-01-01,0.00,-142.38,4669.93,8829.50,0.00,5.06,466.39,346.34,158.22,0.00,0.00,0.00,508.27,0.00,0.00,0.00,0.00,0.00,5979257.02,8159499.91,0.00,5523.13,265065.29,176099.32,125417.14,0.00,0.00,991.21,70.99,0.00,3336740.99,251645647.54,604736912.56,0.00,2181273.52,56026811.02,26367509.68,22907992.54,0.00,0.00,0.00,84870767.93,0.00,0.00,0.00
2001-02-01,0.00,-124.79,4303.87,8277.61,0.00,2.38,425.74,359.54,123.35,0.00,0.00,0.00,456.67,0.00,0.00,0.00,0.00,0.00,5528776.17,7653686.27,0.00,2741.30,240886.58,178102.04,96277.01,0.00,0.00,991.04,40.35,0.00,2586297.81,183100242.06,275992695.98,0.00,558926.89,32251034.68,18122887.96,8929130.90,0.00,0.00,0.00,22652750.16,0.00,0.00,0.00
2001-03-01,0.00,-107.92,4499.10,8824.49,0.00,1.89,322.16,415.32,123.10,0.00,0.00,0.00,477.92,0.00,0.00,0.00,0.00,0.00,5788725.47,8232999.94,0.00,1986.35,181647.27,206142.75,96622.53,0.00,0.00,996.71,39.25,0.00,2382265.95,143565034.15,353244958.39,0.00,713189.47,13790584.95,18026310.24,9194068.08,0.00,0.00,0.00,21644985.35,0.00,0.00,0.00
2001-04-01,0.00,-68.24,4360.55,8174.15,0.00,0.06,242.88,348.84,82.94,0.00,0.00,0.00,373.72,0.00,0.00,0.00,0.00,0.00,5573878.34,7582900.38,0.00,59.74,138033.88,171531.07,60921.87,0.00,0.00,1000.92,30.92,0.00,1479405.86,122783892.16,252287126.24,0.00,10945.66,9351030.22,11755065.37,3150703.79,0.00,0.00,0.00,12535252.49,0.00,0.00,0.00
2001-05-01,0.00,-32.36,4435.20,8943.95,0.00,0.18,413.54,423.96,56.60,0.00,0.00,0.00,663.22,0.00,0.00,0.00,0.00,0.00,5640388.43,8286144.70,0.00,183.16,231122.31,212270.52,45421.58,0.00,0.00,967.21,37.16,0.00,810321.05,152295935.13,334117150.98,0.00,11579.62,16827923.71,16893827.32,2722179.36,0.00,0.00,0.00,26867700.78,0.00,0.00,0.00
2001-06-01,0.00,-23.85,4550.67,8884.27,0.00,0.35,344.99,426.05,89.28,0.00,0.00,0.00,575.34,0.00,0.00,0.00,0.00,0.00,5815941.36,8249861.29,0.00,370.26,194303.57,210069.71,61075.51,0.00,0.00,978.75,33.03,0.00,517770.34,135469132.42,294896847.50,0.00,27211.46,12369100.72,15357797.50,3103915.43,0.00,0.00,0.00,19495149.63,0.00,0.00,0.00
2001-07-01,0.00,-26.58,4813.41,9502.60,0.00,0.01,321.05,420.94,91.56,0.00,0.00,0.00,486.46,0.00,0.00,0.00,0.00,0.00,6151090.63,8811823.96,0.00,6.42,182233.67,210365.05,58320.57,0.00,0.00,987.47,35.51,0.00,493803.47,184484309.81,272851320.98,0.00,177.88,19986104.71,20144973.48,3871270.15,0.00,0.00,0.00,16384535.15,0.00,0.00,0.00
2001-08-01,0.00,-29.50,4873.98,9238.56,0.00,0.75,301.97,514.21,99.00,0.00,0.00,0.00,429.19,0.00,0.00,0.00,0.00,0.00,6231175.02,8555020.84,0.00,834.87,171299.06,248393.83,64492.03,0.00,0.00,989.83,50.75,0.00,547812.41,310990457.69,306215730.53,0.00,20869.00,24264818.50,32164496.45,6166866.41,0.00,0.00,0.00,28784693.59,0.00,0.00,0.00
2001-09-01,0.00,-15.88,4370.18,8358.99,0.00,0.23,237.50,435.14,92.92,0.00,0.00,0.00,473.60,0.00,0.00,0.00,0.00,0.00,5579052.40,7758620.21,0.00,241.44,135032.52,213116.36,58517.67,0.00,0.00,985.09,26.54,0.00,280552.76,109859986.63,221699718.38,0.00,5413.44,7011106.86,11731125.25,2541521.69,0.00,0.00,0.00,13027871.52,0.00,0.00,0.00
2001-10-01,0.00,-57.62,4181.37,8783.62,0.00,2.03,225.90,502.65,106.63,0.00,0.00,0.00,577.51,0.00,0.00,0.00,0.00,0.00,5401768.92,8138157.32,0.00,2133.11,127874.08,244173.29,71591.56,0.00,0.00,976.51,32.66,0.00,1169959.77,119092385.01,293314589.91,0.00,649649.50,7873173.96,16179668.74,5419025.81,0.00,0.00,0.00,21912235.01,0.00,0.00,0.00
2001-11-01,0.00,-16.15,4093.16,8787.34,0.00,19.47,202.37,338.02,107.77,0.00,0.00,0.00,438.89,0.00,0.00,0.00,0.00,0.00,5259204.09,8132931.49,0.00,20445.47,115497.70,178491.27,77508.20,0.00,0.00,986.63,26.06,0.00,302078.05,104630359.57,220597210.54,0.00,533986.26,7074091.63,9391737.11,3038732.57,0.00,0.00,0.00,13249050.18,0.00,0.00,0.00
2001-12-01,0.00,-27.60,3830.47,9108.44,0.00,44.02,262.52,437.41,104.39,0.00,0.00,0.00,477.02,0.00,0.00,0.00,0.00,0.00,4926462.11,8368753.71,0.00,46211.68,148116.81,216680.59,69332.78,0.00,0.00,967.61,33.84,0.00,580651.13,119664908.08,300456693.89,0.00,1542046.69,10402302.15,13137506.76,4457609.68,0.00,0.00,0.00,25776597.35,0.00,0.00,0.00
2002-01-01,0.00,-48.73,4347.37,9214.16,0.00,19.73,224.65,386.16,130.37,0.00,0.00,0.00,453.61,0.00,0.00,0.00,0.00,0.00,5597938.66,8504619.91,0.00,20716.04,128295.29,196209.91,86648.78,0.00,0.00,986.90,42.40,0.00,895429.43,147544850.30,390048102.19,0.00,1036060.27,9568369.05,14885175.21,5580631.45,0.00,0.00,0.00,20013250.44,0.00,0.00,0.00
2002-02-01,0.00,-45.33,4160.12,8400.73,0.00,25.63,190.68,363.42,102.68,0.00,0.00,0.00,484.91,0.00,0.00,0.00,0.00,0.00,5373125.82,7748154.92,0.00,26904.29,109125.79,183649.89,70952.50,0.00,0.00,987.51,40.34,0.00,779698.62,137665636.40,344054849.46,0.00,1425873.24,7413460.90,13677460.41,5139444.75,0.00,0.00,0.00,22020661.45,0.00,0.00,0.00
2002-03-01,0.00,-21.66,4375.31,9270.01,0.00,12.06,201.83,428.24,82.84,0.00,0.00,0.00,348.52,0.00,0.00,0.00,0.00,0.00,5655989.96,8551790.67,0.00,12679.67,115873.26,212100.34,58464.54,0.00,0.00,993.86,36.31,0.00,363877.69,131996991.04,340517684.92,0.00,713579.14,7415348.25,14277805.23,3854596.85,0.00,0.00,0.00,15673156.92,0.00,0.00,0.00
2002-04-01,0.00,-20.09,4205.76,8845.11,0.00,2.58,230.98,402.53,74.87,0.00,0.00,0.00,222.54,0.00,0.00,0.00,0.00,0.00,5340229.55,8167766.81,0.00,2704.23,132995.76,200287.15,51287.02,0.00,0.00,995.06,51.31,0.00,326591.85,118815506.66,525171128.57,0.00,79255.21,7457277.73,14330391.50,6320594.85,0.00,0.00,0.00,15740201.22,0.00,0.00,0.00
2002-05-01,0.00,-14.96,4262.74,9542.76,0.00,6.33,316.20,528.88,118.35,0.00,0.00,0.00,404.32,0.00,0.00,0.00,0.00,0.00,5389865.99,8796368.04,0.00,6706.17,180237.02,255634.59,84173.97,0.00,0.00,970.22,75.41,0.00,356772.96,239267003.11,705615776.72,0.00,1372331.00,31393454.01,34725612.64,23401181.27,0.00,0.00,0.00,85729044.96,0.00,0.00,0.00
2002-06-01,0.00,-23.89,4593.31,9399.42,0.00,0.58,277.95,489.76,150.96,0.00,0.00,0.00,444.96,0.00,0.00,0.00,0.00,0.00,5870385.47,8661430.78,0.00,615.64,157429.77,235745.36,100250.28,0.00,0.00,979.97,56.60,0.00,429139.95,170535367.04,554487627.89,0.00,249099.34,16615443.21,22083742.49,14943723.82,0.00,0.00,0.00,58747759.60,0.00,0.00,0.00
2002-07-01,0.00,-38.78,4811.27,9928.62,0.00,0.63,398.30,466.11,145.51,0.00,0.00,0.00,561.41,0.00,0.00,0.00,0.00,0.00,6188952.81,9174321.19,0.00,695.88,224651.74,230755.91,92547.01,0.00,0.00,977.81,51.42,0.00,855823.29,194580987.42,510939939.94,0.00,481423.60,23809326.82,20187092.38,14337975.68,0.00,0.00,0.00,46312752.85,0.00,0.00,0.00
2002-08-01,0.00,-34.43,4893.95,9500.00,0.00,0.38,308.51,497.10,73.16,0.00,0.00,0.00,426.80,0.00,0.00,0.00,0.00,0.00,6287766.58,8762493.61,0.00,406.72,174787.07,242198.27,40762.17,0.00,0.00,989.97,30.57,0.00,579884.39,131142915.66,297521261.71,0.00,12984.49,10034229.61,14688457.90,2436235.37,0.00,0.00,0.00,15180869.95,0.00,0.00,0.00
2002-09-01,0.00,-50.43,4518.12,8589.77,0.00,0.82,286.78,427.66,77.59,0.00,0.00,0.00,504.01,0.00,0.00,0.00,0.00,0.00,5745036.10,7925718.04,0.00,864.37,162684.87,208115.42,41833.67,0.00,0.00,981.19,31.81,0.00,883535.94,125381239.18,281584274.46,0.00,25533.47,9137199.86,13032784.63,2322334.05,0.00,0.00,0.00,18503461.79,0.00,0.00,0.00
2002-10-01,0.00,-37.28,4503.79,8871.83,0.00,0.47,255.22,512.39,65.79,0.00,0.00,0.00,536.44,0.00,0.00,0.00,0.00,0.00,5751136.21,8171263.09,0.00,461.14,145690.16,243772.74,35855.10,0.00,0.00,975.49,31.04,0.00,646539.48,119267947.83,289379446.88,0.00,10402.60,8434985.32,15041036.47,2486347.54,0.00,0.00,0.00,17940751.62,0.00,0.00,0.00
2002-11-01,0.00,-34.45,4597.87,8830.63,0.00,3.25,219.31,496.83,71.01,0.00,0.00,0.00,375.67,0.00,0.00,0.00,0.00,0.00,5864130.16,8132151.93,0.00,3383.94,125891.23,237673.93,39003.78,0.00,0.00,989.16,37.15,0.00,590644.38,126399616.55,350780864.75,0.00,90335.95,7708293.45,17576194.03,2345646.70,0.00,0.00,0.00,22367357.80,0.00,0.00,0.00
2002-12-01,0.00,-59.80,4626.01,9051.57,0.00,5.82,258.18,481.68,82.45,0.00,0.00,0.00,426.62,0.00,0.00,0.00,0.00,0.00,5943146.71,8333044.75,0.00,6048.82,147620.13,232021.02,47484.30,0.00,0.00,989.03,37.89,0.00,1061707.94,146436258.46,345635809.32,0.00,368986.72,13368224.91,19538724.02,4676144.40,0.00,0.00,0.00,20395348.07,0.00,0.00,0.00
2003-01-01,0.00,-52.37,4752.20,9170.67,0.00,0.63,217.52,497.99,92.69,0.00,0.00,0.00,670.54,0.00,0.00,0.00,0.00,0.00,6078692.00,8435442.21,0.00,604.17,124963.05,238522.89,53762.26,0.00,0.00,972.78,41.50,0.00,814548.46,125948104.49,403826696.82,0.00,103803.59,10330569.85,19957906.76,5118310.89,0.00,0.00,0.00,44454114.69,0.00,0.00,0.00
2003-02-01,0.00,-28.39,4347.94,8576.42,0.00,0.89,137.18,457.17,58.96,0.00,0.00,0.00,602.64,0.00,0.00,0.00,0.00,0.00,5564438.66,7866762.07,0.00,893.30,78989.69,219520.34,31328.09,0.00,0.00,972.38,24.58,0.00,522450.15,81555184.61,214595064.69,0.00,15984.50,3404520.58,11250895.85,1342392.34,0.00,0.00,0.00,15123745.04,0.00,0.00,0.00
2003-03-01,0.00,-39.03,4467.26,9326.68,0.00,5.76,101.20,406.02,69.00,0.00,0.00,0.00,582.41,0.00,0.00,0.00,0.00,0.00,5740936.74,8491768.19,0.00,6008.30,58173.64,200851.19,36652.61,0.00,0.00,974.20,20.71,0.00,445717.06,103804623.09,166806151.80,0.00,110027.89,4210284.33,10387684.41,3119600.09,0.00,0.00,0.00,15464709.81,0.00,0.00,0.00
2003-04-01,0.00,-30.52,4640.67,8684.96,0.00,4.91,138.51,254.41,46.96,0.00,0.00,0.00,423.13,0.00,0.00,0.00,0.00,0.00,5926445.79,7977079.95,0.00,5121.84,79754.87,139801.61,24991.92,0.00,0.00,999.31,17.30,0.00,364208.54,77982527.08,145276140.15,0.00,93318.40,3344553.87,4872604.74,1050288.94,0.00,0.00,0.00,7865280.91,0.00,0.00,0.00
2003-05-01,0.00,-39.84,4560.07,9560.76,0.00,0.11,205.65,453.06,45.47,0.00,0.00,0.00,519.46,0.00,0.00,0.00,0.00,0.00,5833293.57,8750061.55,0.00,79.54,118048.51,222584.47,26843.01,0.00,0.00,976.88,21.17,0.00,519385.03,99737258.18,185821953.69,0.00,13544.64,7493837.26,12172663.05,2077213.46,0.00,0.00,0.00,13878563.68,0.00,0.00,0.00
2003-06-01,0.00,-48.50,4577.09,9516.35,0.00,0.37,247.89,458.09,55.59,0.00,0.00,0.00,538.81,0.00,0.00,0.00,0.00,0.00,5860860.90,8729095.22,0.00,368.65,140807.06,217355.98,35801.03,0.00,0.00,976.45,49.97,0.00,739185.02,180636017.73,443777030.32,0.00,97551.84,16191959.46,18273119.81,16108719.47,0.00,0.00,0.00,66366446.63,0.00,0.00,0.00
2003-07-01,0.00,-51.06,4764.23,10286.92,0.00,0.27,212.52,423.29,73.65,0.00,0.00,0.00,681.07,0.00,0.00,0.00,0.00,0.00,6084534.60,9427694.79,0.00,261.26,121050.53,199260.18,42659.56,0.00,0.00,968.55,40.58,0.00,739097.34,123207224.68,435136856.66,0.00,175491.68,9292179.88,14273652.13,6474828.80,0.00,0.00,0.00,45017719.74,0.00,0.00,0.00
2003-08-01,0.00,-67.10,4694.30,9902.85,0.00,0.18,213.42,427.78,60.78,0.00,0.00,0.00,754.45,0.00,0.00,0.00,0.00,0.00,6014565.42,9074970.80,0.00,172.43,121957.68,199941.26,32622.22,0.00,0.00,966.07,19.63,0.00,1003280.54,95749024.79,182428361.70,0.00,3779.75,5476607.84,9393642.95,1450610.85,0.00,0.00,0.00,16602373.46,0.00,0.00,0.00
2003-09-01,0.00,-48.24,4293.04,9338.36,0.00,0.12,179.50,347.60,65.46,0.00,0.00,0.00,661.39,0.00,0.00,0.00,0.00,0.00,5486506.23,8550160.51,0.00,90.27,102968.08,167118.28,34330.89,0.00,0.00,966.57,19.96,0.00,651009.47,90524370.95,170804153.11,0.00,2216.48,4684040.78,7872798.30,1592644.77,0.00,0.00,0.00,14548733.30,0.00,0.00,0.00
2003-10-01,0.00,-31.84,4330.96,9543.09,0.00,1.23,197.55,335.26,70.63,0.00,0.00,0.00,636.10,0.00,0.00,0.00,0.00,0.00,5565752.04,8750031.22,0.00,1262.63,113748.63,166255.79,41442.78,0.00,0.00,970.53,19.10,0.00,374347.36,89292626.58,165514808.63,0.00,22426.38,5376814.01,7552207.37,1930926.62,0.00,0.00,0.00,12860679.93,0.00,0.00,0.00
2003-11-01,0.00,-53.50,4012.51,9405.07,0.00,2.01,207.79,382.83,47.82,0.00,0.00,0.00,530.53,0.00,0.00,0.00,0.00,0.00,5152617.11,8621834.48,0.00,2071.99,118441.69,191024.52,28429.99,0.00,0.00,971.06,22.79,0.00,1565540.98,91212136.62,198114189.84,0.00,28380.76,8868783.33,13146559.62,2561911.61,0.00,0.00,0.00,12475484.66,0.00,0.00,0.00
2003-12-01,0.00,-89.20,4419.94,9706.67,0.00,3.94,286.82,437.90,70.88,0.00,0.00,0.00,468.93,0.00,0.00,0.00,0.00,0.00,5645117.11,8887722.47,0.00,4157.38,162278.61,213207.50,45362.38,0.00,0.00,977.26,23.58,0.00,1433826.73,101547441.34,214323083.30,0.00,83629.39,10472086.31,13038238.60,3155932.99,0.00,0.00,0.00,13599242.60,0.00,0.00,0.00
2004-01-01,0.00,-138.84,4772.13,9984.54,0.00,4.76,276.29,279.30,44.17,0.00,0.00,0.00,282.18,0.00,0.00,0.00,0.00,0.00,6073719.72,9143809.23,0.00,4962.75,157060.36,149217.06,25180.90,0.00,0.00,1003.19,45.73,0.00,2510629.31,107162712.31,479580453.14,0.00,129834.45,8433316.75,12335078.42,1314451.36,0.00,0.00,0.00,18811129.54,0.00,0.00,0.00
2004-02-01,0.00,-141.50,4648.55,9676.89,0.00,9.66,338.03,343.10,83.51,0.00,0.00,0.00,431.19,0.00,0.00,0.00,0.00,0.00,5951142.76,8873467.66,0.00,10232.21,192133.09,174685.28,55978.35,0.00,0.00,991.44,52.65,0.00,2656862.42,194108562.32,460782732.89,0.00,2887782.65,37951409.76,24485492.51,15031520.76,0.00,0.00,0.00,47219187.56,0.00,0.00,0.00
2004-03-01,0.00,-120.38,4987.85,9791.18,0.00,2.17,264.72,289.46,47.05,0.00,0.00,0.00,330.55,0.00,0.00,0.00,0.00,0.00,6364568.14,8978535.10,0.00,2268.04,151157.57,156625.73,26942.12,0.00,0.00,1005.61,24.86,0.00,2130416.76,119853853.59,231619040.30,0.00,59593.44,10392494.87,8758355.66,1776752.37,0.00,0.00,0.00,9083990.06,0.00,0.00,0.00
2004-04-01,0.00,-145.49,4413.24,9153.51,0.00,1.04,402.90,294.95,58.33,0.00,0.00,0.00,322.43,0.00,0.00,0.00,0.00,0.00,5620977.59,8415440.29,0.00,1077.61,228036.18,149309.58,36827.75,0.00,0.00,996.60,30.35,0.00,2993478.24,124497370.78,273974979.28,0.00,37483.85,13937016.34,9373208.06,2112444.87,0.00,0.00,0.00,11322342.39,0.00,0.00,0.00
2004-05-01,0.00,-136.91,4728.61,9785.24,0.00,1.11,533.80,365.99,114.06,0.00,0.00,0.00,340.79,0.00,0.00,0.00,0.00,0.00,6034551.82,8991947.22,0.00,1158.19,301762.84,181366.57,70226.77,0.00,0.00,990.36,33.15,0.00,2978093.22,147995197.74,315925847.34,0.00,98012.12,21109103.02,13796571.50,4860113.60,0.00,0.00,0.00,14315213.91,0.00,0.00,0.00
2004-06-01,0.00,-93.87,4802.52,10020.62,0.00,0.48,438.58,374.84,120.19,0.00,0.00,0.00,316.70,0.00,0.00,0.00,0.00,0.00,6162875.20,9210988.27,0.00,491.37,248785.47,190047.48,73222.38,0.00,0.00,994.14,31.99,0.00,1809115.31,146123524.69,302267738.33,0.00,66128.93,19859019.97,13914105.21,5372062.81,0.00,0.00,0.00,13930326.52,0.00,0.00,0.00
2004-07-01,0.00,-96.42,4986.01,10710.93,0.00,1.76,368.73,339.65,101.31,0.00,0.00,0.00,352.98,0.00,0.00,0.00,0.00,0.00,6372545.62,9813032.42,0.00,1826.18,209282.20,177364.44,57917.99,0.00,0.00,992.07,39.81,0.00,1765219.00,168360865.15,400428986.23,0.00,283340.17,20369753.01,15762889.90,8133768.28,0.00,0.00,0.00,30756227.66,0.00,0.00,0.00
2004-08-01,0.00,-93.18,5075.70,10205.61,0.00,1.82,281.18,324.66,84.39,0.00,0.00,0.00,393.40,0.00,0.00,0.00,0.00,0.00,6495898.43,9344277.08,0.00,1885.90,160248.69,169899.36,46626.73,0.00,0.00,996.64,28.38,0.00,1734672.74,127661314.36,290928602.42,0.00,62011.34,12252973.99,12426120.55,3341123.83,0.00,0.00,0.00,11939870.19,0.00,0.00,0.00
2004-09-01,0.00,-96.17,4538.50,9128.16,0.00,1.79,363.46,378.44,99.53,0.00,0.00,0.00,623.56,0.00,0.00,0.00,0.00,0.00,5788846.38,8348216.10,0.00,1856.28,205567.82,189212.70,57436.79,0.00,0.00,970.33,65.05,0.00,2065678.99,121665238.99,632952398.82,0.00,105685.90,12111319.00,24605960.34,3717366.05,0.00,0.00,0.00,49494144.93,0.00,0.00,0.00
2004-10-01,0.00,-121.33,4419.70,9282.58,0.00,5.80,440.46,288.22,188.89,0.00,0.00,0.00,631.47,0.00,0.00,0.00,0.00,0.00,5662425.65,8510561.77,0.00,6067.41,250116.60,150494.74,122496.80,0.00,0.00,971.35,59.95,0.00,3041287.15,188286197.88,561467491.96,0.00,852951.51,23451287.03,19384830.74,16037624.30,0.00,0.00,0.00,74623299.84,0.00,0.00,0.00
2004-11-01,0.00,-129.12,4401.68,9488.78,0.00,6.58,484.26,267.17,137.78,0.00,0.00,0.00,448.28,0.00,0.00,0.00,0.00,0.00,5640931.78,8680001.80,0.00,6872.62,273085.57,147565.46,91143.40,0.00,0.00,982.40,69.51,0.00,3152305.38,166871391.78,671026366.43,0.00,1576809.63,37774175.85,21479928.55,16072782.24,0.00,0.00,0.00,78222474.91,0.00,0.00,0.00
2004-12-01,0.00,-166.20,4589.67,9816.30,0.00,7.16,389.96,378.80,87.22,0.00,0.00,0.00,313.91,0.00,0.00,0.00,0.00,0.00,5849770.43,9005164.53,0.00,7628.13,219530.50,196883.98,53329.43,0.00,0.00,994.52,31.82,0.00,3436231.72,129652246.21,307033942.67,0.00,362244.47,15696223.98,14238689.43,4002780.27,0.00,0.00,0.00,11145669.77,0.00,0.00,0.00
2005-01-01,0.00,-112.65,4789.38,9860.19,0.00,4.09,266.06,478.84,20.48,0.00,0.00,0.00,539.06,0.00,0.00,0.00,0.00,0.00,6119411.21,9041557.13,0.00,4468.86,151810.70,235735.17,13528.04,0.00,0.00,982.40,34.84,0.00,2222528.81,119320535.01,337120798.93,0.00,172427.84,9804068.32,15276201.60,1152246.29,0.00,0.00,0.00,36174761.89,0.00,0.00,0.00
2005-02-01,0.00,-82.46,4283.55,9312.69,0.00,7.38,219.28,467.64,33.28,0.00,0.00,0.00,541.85,0.00,0.00,0.00,0.00,0.00,5498030.90,8523782.17,0.00,7824.84,125102.42,230440.77,18728.72,0.00,0.00,974.34,24.50,0.00,1311520.91,106362365.94,200509342.71,0.00,180445.09,7324309.15,11585803.83,1125091.16,0.00,0.00,0.00,14493174.98,0.00,0.00,0.00
2005-03-01,0.00,-81.04,4682.28,9896.84,0.00,0.95,192.32,521.27,50.56,0.00,0.00,0.00,457.36,0.00,0.00,0.00,0.00,0.00,5993858.78,9054208.55,0.00,1008.01,110629.70,261064.28,26632.04,0.00,0.00,982.63,22.42,0.00,1283170.48,101787656.96,196238011.56,0.00,23453.09,7648927.11,12708331.11,1743427.65,0.00,0.00,0.00,10404187.68,0.00,0.00,0.00
2005-04-01,0.00,-50.35,4040.73,9356.68,0.00,0.72,372.90,646.59,71.84,0.00,0.00,0.00,572.04,0.00,0.00,0.00,0.00,0.00,5187738.82,8608705.93,0.00,756.13,210095.67,315562.54,39766.62,0.00,0.00,956.80,27.03,0.00,860695.84,115714784.08,245958737.64,0.00,21560.36,13214841.74,18607670.41,2535289.02,0.00,0.00,0.00,19253133.77,0.00,0.00,0.00
2005-05-01,0.00,-95.84,4741.35,9776.98,0.00,1.34,333.60,557.76,51.49,0.00,0.00,0.00,986.44,0.00,0.00,0.00,0.00,0.00,6031824.07,8976199.45,0.00,1445.39,198289.76,281222.05,29857.91,0.00,0.00,948.98,34.69,0.00,1839857.48,128091289.91,251330752.71,0.00,37545.99,33886694.04,17024626.67,2400613.72,0.00,0.00,0.00,143153736.56,0.00,0.00,0.00
2005-06-01,0.00,-86.05,4815.35,10068.42,0.00,1.42,352.56,585.72,28.38,0.00,0.00,0.00,1274.83,0.00,0.00,0.00,0.00,0.00,6138472.27,9228375.48,0.00,1575.64,220925.75,291793.73,15706.25,0.00,0.00,932.88,28.57,0.00,1589287.14,119523819.23,274810567.93,0.00,87339.05,15692244.64,16003161.54,1349951.26,0.00,0.00,0.00,73977187.88,0.00,0.00,0.00
2005-07-01,0.00,-61.71,4738.19,10614.26,0.00,0.33,337.22,646.71,46.01,0.00,0.00,0.00,1372.84,0.00,0.00,0.00,0.00,0.00,6069800.51,9726519.76,0.00,438.98,203621.87,322378.91,25493.03,0.00,0.00,923.95,42.97,0.00,2771020.68,126670744.80,585132370.90,0.00,22718.29,15672104.65,32843009.19,1696944.67,0.00,0.00,0.00,104956483.20,0.00,0.00,0.00
2005-08-01,0.00,-49.97,4717.50,10543.88,0.00,1.27,299.18,632.06,56.90,0.00,0.00,0.00,1376.08,0.00,0.00,0.00,0.00,0.00,6068535.78,9665960.27,0.00,1458.44,179574.79,320060.34,34045.67,0.00,0.00,925.63,32.39,0.00,1599513.92,120873591.27,361596570.85,0.00,49326.01,12032617.06,19890375.09,2269890.17,0.00,0.00,0.00,82764196.32,0.00,0.00,0.00
2005-09-01,0.00,-26.58,4431.86,9313.09,0.00,0.33,317.48,588.46,49.96,0.00,0.00,0.00,1381.97,0.00,0.00,0.00,0.00,0.00,5660625.58,8537633.96,0.00,392.61,191713.43,293232.22,29203.33,0.00,0.00,916.31,36.17,0.00,1358025.80,147165679.48,371396512.19,0.00,15727.59,13639817.98,18537808.36,2216463.90,0.00,0.00,0.00,71319698.62,0.00,0.00,0.00
2005-10-01,0.00,-14.89,4497.08,9355.33,0.00,0.36,299.60,598.79,40.62,0.00,0.00,0.00,1320.95,0.00,0.00,0.00,0.00,0.00,5694477.00,8598956.45,0.00,448.72,182949.00,304889.53,22121.47,0.00,0.00,919.62,35.59,0.00,255014.88,104737625.36,420970243.59,0.00,192582.99,13105023.79,21444945.31,2037810.93,0.00,0.00,0.00,84801288.73,0.00,0.00,0.00
2005-11-01,0.00,-51.14,4403.11,9437.76,0.00,0.64,301.76,604.11,46.63,0.00,0.00,0.00,1207.30,0.00,0.00,0.00,0.00,0.00,5626672.53,8682247.19,0.00,695.77,189933.37,312624.29,27310.19,0.00,0.00,930.37,23.96,0.00,974525.63,107735600.37,201480469.45,0.00,169143.25,17507098.14,17470693.72,2343398.92,0.00,0.00,0.00,57235688.44,0.00,0.00,0.00
2005-12-01,0.00,-45.65,4889.90,9973.76,0.00,9.61,255.05,544.92,55.18,0.00,0.00,0.00,1315.80,0.00,0.00,0.00,0.00,0.00,6226171.26,9165182.81,0.00,10095.85,153120.63,286705.27,32145.26,0.00,0.00,933.81,35.35,0.00,825264.85,187398947.76,374786855.21,0.00,931999.47,24679390.27,21248112.32,8926937.76,0.00,0.00,0.00,97535941.53,0.00,0.00,0.00
2006-01-01,0.00,-75.97,4792.52,10408.22,0.00,4.76,375.45,579.09,97.90,0.00,0.00,0.00,1324.84,0.00,0.00,0.00,0.00,0.00,6120852.92,9546904.70,0.00,5062.50,225922.02,299314.96,61944.99,0.00,0.00,928.78,35.86,0.00,1494315.04,275686429.60,301199424.83,0.00,1255485.27,54025618.25,28450345.21,22840647.21,0.00,0.00,0.00,63496982.84,0.00,0.00,0.00
2006-02-01,0.00,-38.53,4390.30,9489.56,0.00,6.56,197.48,574.20,82.56,0.00,0.00,0.00,1218.96,0.00,0.00,0.00,0.00,0.00,5605507.02,8746579.22,0.00,6851.80,118124.18,295639.13,50011.10,0.00,0.00,931.01,52.23,0.00,687541.17,250773687.88,640885392.55,0.00,4656776.51,15310149.10,34359128.20,15037061.48,0.00,0.00,0.00,120535326.26,0.00,0.00,0.00
2006-03-01,0.00,-24.27,4877.48,10176.24,0.00,0.35,242.65,611.10,65.15,0.00,0.00,0.00,1169.74,0.00,0.00,0.00,0.00,0.00,6214213.30,9359574.09,0.00,359.63,139884.03,308545.58,38128.30,0.00,0.00,938.21,23.97,0.00,460745.09,121559558.87,252032557.46,0.00,49889.07,8839271.20,18187834.80,2477100.71,0.00,0.00,0.00,36732675.99,0.00,0.00,0.00
2006-04-01,0.00,-5.59,4360.37,9564.04,0.00,0.40,226.93,428.95,36.62,0.00,0.00,0.00,1196.74,0.00,0.00,0.00,0.00,0.00,5568736.38,8763389.48,0.00,413.26,129782.97,236202.99,20082.34,0.00,0.00,931.06,22.74,0.00,81287.99,100740847.38,222459836.03,0.00,27221.84,6863325.25,11232500.47,1177984.56,0.00,0.00,0.00,34939687.56,0.00,0.00,0.00
2006-05-01,0.00,-3.49,4709.83,10318.69,0.00,0.39,359.67,629.85,64.16,0.00,0.00,0.00,1425.41,0.00,0.00,0.00,0.00,0.00,6026332.46,9462044.30,0.00,421.55,205242.38,318676.05,37525.50,0.00,0.00,916.92,28.17,0.00,67863.07,139042387.01,270485660.25,0.00,91642.26,17017344.06,20302442.46,4308611.82,0.00,0.00,0.00,63757816.66,0.00,0.00,0.00
2006-06-01,0.00,-45.88,4693.63,10731.42,0.00,0.03,376.28,727.67,58.76,0.00,0.00,0.00,1510.86,0.00,0.00,0.00,0.00,0.00,5962070.03,9870361.06,0.00,112.32,213740.58,358439.15,34363.24,0.00,0.00,910.61,30.27,0.00,1094748.98,156973742.23,307504137.44,0.00,4586.43,16351200.12,23599416.41,2512155.82,0.00,0.00,0.00,62196050.84,0.00,0.00,0.00
2006-07-01,0.00,-62.48,4918.45,10848.65,0.00,0.52,235.17,725.24,92.88,0.00,0.00,0.00,1550.59,0.00,0.00,0.00,0.00,0.00,6270646.22,9974217.72,0.00,662.39,136787.30,362097.10,55106.09,0.00,0.00,917.55,41.09,0.00,1458250.16,209229663.79,412642080.18,0.00,156599.28,17790477.75,30592402.84,9335866.58,0.00,0.00,0.00,104943350.78,0.00,0.00,0.00
2006-08-01,0.00,-70.99,4793.57,10676.59,0.00,0.37,336.66,778.88,80.40,0.00,0.00,0.00,1272.85,0.00,0.00,0.00,0.00,0.00,6150012.80,9832700.52,0.00,424.28,201891.49,382696.25,45612.47,0.00,0.00,929.76,27.95,0.00,1550160.46,148966117.14,277782016.04,0.00,48493.72,14089297.15,26090054.35,3450010.53,0.00,0.00,0.00,43810045.03,0.00,0.00,0.00
2006-09-01,0.00,-35.95,4429.42,9772.34,0.00,1.55,264.26,772.59,124.33,0.00,0.00,0.00,1078.39,0.00,0.00,0.00,0.00,0.00,5659139.86,8957583.39,0.00,1645.45,159789.91,373102.59,73751.27,0.00,0.00,927.96,25.91,0.00,868639.29,128785728.11,235107932.00,0.00,50931.59,10254813.19,20967639.03,3893047.37,0.00,0.00,0.00,40122518.91,0.00,0.00,0.00
2006-10-01,0.00,-44.58,4544.39,9951.00,0.00,0.07,326.95,796.28,130.35,0.00,0.00,0.00,956.17,0.00,0.00,0.00,0.00,0.00,5835160.95,9122941.61,0.00,59.74,199560.40,377469.52,75676.01,0.00,0.00,936.99,26.41,0.00,1002615.35,139012708.45,249853239.63,0.00,2896.26,11881008.33,22296443.01,3739997.51,0.00,0.00,0.00,34452929.41,0.00,0.00,0.00
2006-11-01,0.00,-73.74,4550.70,9930.72,0.00,1.42,336.24,700.31,174.24,0.00,0.00,0.00,941.81,0.00,0.00,0.00,0.00,0.00,5827035.06,9101806.68,0.00,1481.67,198064.75,333450.56,108994.27,0.00,0.00,940.17,30.17,0.00,1352897.89,151337287.26,306829857.82,0.00,166115.46,15414367.07,23144812.20,8695568.14,0.00,0.00,0.00,41221712.97,0.00,0.00,0.00
2006-12-01,0.00,-114.74,4995.04,9935.06,0.00,1.00,289.85,674.30,147.85,0.00,0.00,0.00,778.21,0.00,0.00,0.00,0.00,0.00,6387109.59,9116569.07,0.00,1063.08,176462.16,324883.77,90834.93,0.00,0.00,963.51,21.75,0.00,2137300.36,115683147.03,219140515.62,0.00,45057.45,10481512.19,17263638.68,4640444.98,0.00,0.00,0.00,24479610.76,0.00,0.00,0.00
2007-01-01,0.00,-146.10,4732.42,10476.66,0.00,17.10,340.00,821.48,384.50,0.00,0.00,0.00,1010.93,0.00,0.00,0.00,0.00,0.00,6055756.30,9650955.47,0.00,17980.32,206269.18,393883.33,271162.99,0.00,0.00,940.98,59.73,0.00,4089904.25,413899500.09,610869232.64,0.00,5908159.76,35763516.14,60185235.18,77001757.67,0.00,0.00,0.00,96253239.48,0.00,0.00,0.00
2007-02-01,0.00,-169.34,4497.82,9537.33,0.00,3.71,313.03,782.42,446.04,0.00,0.00,0.00,992.57,0.00,0.00,0.00,0.00,0.00,5765068.60,8782327.65,0.00,3914.40,185566.99,373748.07,323366.81,0.00,0.00,940.89,45.51,0.00,5210767.84,242258829.38,460858751.01,0.00,428531.36,22618353.36,42308295.94,33336513.16,0.00,0.00,0.00,71408372.33,0.00,0.00,0.00
2007-03-01,0.00,-178.97,4803.03,10322.09,0.00,7.27,388.80,858.18,376.19,0.00,0.00,0.00,1026.20,0.00,0.00,0.00,0.00,0.00,6129949.66,9474989.41,0.00,7635.61,228683.49,412015.88,262262.49,0.00,0.00,938.23,49.66,0.00,6178063.26,273377747.37,552754043.73,0.00,443209.92,23045077.85,46056289.69,30520052.30,0.00,0.00,0.00,72084658.36,0.00,0.00,0.00
2007-04-01,0.00,-158.02,4320.43,8943.19,0.00,0.32,691.09,495.31,453.88,0.00,0.00,0.00,1083.55,0.00,0.00,0.00,0.00,0.00,5569630.22,8239613.78,0.00,330.26,394102.56,256445.76,314374.85,0.00,0.00,933.34,70.60,0.00,7549164.73,277412753.67,744238003.52,0.00,29268.67,47810163.92,43018270.67,43334953.86,0.00,0.00,0.00,88557948.77,0.00,0.00,0.00
2007-05-01,0.00,-171.05,4327.82,9801.26,0.00,0.77,669.73,800.14,394.44,0.00,0.00,0.00,1125.59,0.01,0.00,0.00,0.00,0.00,5537460.68,9033647.20,0.00,849.68,393014.35,384362.98,271329.79,0.00,0.00,921.64,55.57,0.00,6450349.86,251462309.37,582869352.04,0.00,52082.88,40065085.97,47349624.01,25912864.55,0.00,0.00,0.00,72885519.70,701.08,0.00,0.00
2007-06-01,0.00,-160.71,4571.54,10024.38,0.00,17.66,755.75,822.94,428.79,0.00,0.00,0.00,1573.23,2.97,0.00,0.00,0.00,0.00,5840250.46,9275180.84,0.00,18467.76,449195.05,389229.77,297663.96,0.00,0.00,902.06,179.99,0.00,8637588.64,636739960.23,2127935800.69,0.00,19038948.66,96417414.56,133536857.63,128256140.23,0.00,0.00,0.00,363190701.00,370894.18,0.00,0.00
2007-07-01,0.00,-186.68,4899.25,11374.21,0.00,6.07,631.98,733.58,324.40,0.00,0.00,0.00,1119.41,9.23,0.00,0.00,0.00,0.00,6287589.27,10509148.87,0.00,6354.99,378102.41,348881.17,218699.83,0.00,0.00,938.52,64.05,0.00,6104464.60,337702998.61,750406891.39,0.00,1108050.56,48327299.48,53467306.98,26865104.88,0.00,0.00,0.00,106073485.38,604684.90,0.00,0.00
2007-08-01,0.00,-160.36,4921.73,10579.35,0.00,3.34,479.48,757.51,230.22,0.00,0.00,0.00,982.92,8.00,0.00,0.00,0.00,0.00,6310669.61,9801167.23,0.00,3506.21,284681.97,359842.76,143297.75,0.00,0.00,949.50,42.84,0.00,4634577.46,211550810.18,490599016.37,0.00,108933.38,22682742.33,37764576.68,13016922.10,0.00,0.00,0.00,47163940.99,346773.27,0.00,0.00
2007-09-01,0.00,-164.82,4674.29,9479.60,0.00,9.08,469.89,574.14,221.69,0.00,0.00,0.00,1046.44,13.29,0.00,0.00,0.00,0.00,5986189.68,8717917.36,0.00,9494.82,270629.35,284229.08,134621.43,0.00,0.00,943.61,48.74,0.00,5167689.05,218235834.40,509349963.03,0.00,470763.52,24850433.51,28417784.92,14438274.14,0.00,0.00,0.00,63341499.96,589361.28,0.00,0.00
2007-10-01,0.00,-176.06,4729.32,9748.20,0.00,5.36,342.80,823.85,237.66,0.00,0.00,0.00,1104.11,14.66,0.00,0.00,0.00,0.00,6048194.24,8949979.68,0.00,5725.52,206020.77,387418.92,153710.04,0.00,0.00,935.90,42.32,0.00,5140425.60,193467618.16,467767763.25,0.00,729686.69,14952758.40,38897373.73,14699646.10,0.00,0.00,0.00,60447390.24,586837.44,0.00,0.00
2007-11-01,0.00,-148.71,4361.40,10003.17,0.00,3.26,606.94,695.98,329.01,0.00,0.00,0.00,814.14,9.90,0.00,0.00,0.00,0.00,5566206.24,9194441.65,0.00,3411.18,355886.87,336908.79,219679.15,0.00,0.00,940.12,47.18,0.00,3881063.17,226137599.40,527135224.83,0.00,357069.22,34731244.74,37368828.82,23399752.17,0.00,0.00,0.00,51075784.83,467787.29,0.00,0.00
2007-12-01,0.00,-158.86,4397.18,10171.83,0.00,6.35,589.96,781.99,327.63,0.00,0.00,0.00,818.13,15.99,0.00,0.00,0.00,0.00,5592929.24,9321193.49,0.00,6650.13,343464.22,370596.02,221091.11,0.00,0.00,935.44,46.67,0.00,4162334.21,195053725.02,548785112.64,0.00,749676.90,35031905.45,41753354.92,24352305.77,0.00,0.00,0.00,49057690.17,719858.07,0.00,0.00
2008-01-01,0.00,-170.86,4713.18,10655.28,0.00,19.57,462.06,800.10,288.25,0.00,0.00,0.00,868.19,31.08,0.00,0.00,0.00,0.00,6004684.98,9803051.95,0.00,20703.09,271657.82,378167.91,190361.92,0.00,0.00,943.50,34.45,0.00,3754840.29,167679015.87,409137587.66,0.00,2265128.12,20764216.84,31818617.86,16711010.96,0.00,0.00,0.00,43796170.57,1145647.49,0.00,0.00
2008-02-01,0.00,-119.69,4647.74,9679.46,0.00,16.11,343.00,773.88,221.75,0.00,0.00,0.00,729.23,41.09,0.00,0.00,0.00,0.00,5926826.66,8906196.61,0.00,17002.04,212004.77,367373.90,137070.28,0.00,0.00,953.09,56.69,0.00,2517275.28,223456804.27,692286487.15,0.00,24633304.59,47646980.05,103505372.03,90679847.56,0.00,0.00,0.00,44965573.61,3565136.13,0.00,0.00
2008-03-01,0.00,-118.09,4764.38,10154.02,0.00,5.38,510.13,787.09,299.25,0.00,0.00,0.00,898.61,40.61,0.00,0.00,0.00,0.00,6079573.90,9348998.45,0.00,5929.09,310166.69,368870.15,191377.45,0.00,0.00,940.23,42.94,0.00,2672502.19,281193853.17,364944867.71,0.00,4874566.99,62962219.66,58263281.42,49573636.34,0.00,0.00,0.00,60000316.92,5585205.97,0.00,0.00
2008-04-01,0.00,-66.36,4120.29,9963.76,0.00,0.84,595.88,644.20,237.45,0.00,0.00,0.00,908.42,38.39,0.00,0.00,0.00,0.00,5254437.50,9195033.84,0.00,872.79,351710.25,309599.69,146748.47,0.00,0.00,927.96,39.45,0.00,1587690.30,191073261.92,355516741.26,0.00,28012.30,47974287.82,35088738.20,13526091.38,0.00,0.00,0.00,47554470.76,3211325.62,0.00,0.00
2008-05-01,0.00,-97.43,4306.91,10480.10,0.00,1.24,673.63,854.09,299.41,0.00,0.00,0.00,1101.30,40.45,0.00,0.00,0.00,0.00,5512340.51,9606288.45,0.00,1286.20,391954.39,402263.97,188866.13,0.00,0.00,911.85,45.20,0.00,2694012.14,219820323.96,439605715.88,0.00,70255.01,46839218.31,56138166.77,17244659.48,0.00,0.00,0.00,67196381.67,2625677.10,0.00,0.00
2008-06-01,0.00,-117.55,4725.78,10025.11,0.00,4.96,561.77,824.12,268.32,0.00,0.00,0.00,1070.82,69.11,0.00,0.00,0.00,0.00,6029425.92,9202678.55,0.00,5183.12,336180.32,385396.73,170156.50,0.00,0.00,925.23,39.64,0.00,2877707.40,200320964.41,397608871.59,0.00,503740.03,42732626.62,49165563.02,14750642.54,0.00,0.00,0.00,54474267.93,3040158.93,0.00,0.00
2008-07-01,0.00,-104.39,4985.59,11216.22,0.00,0.45,477.80,821.32,269.38,0.00,0.00,0.00,1214.07,93.22,0.00,0.00,0.00,0.00,6336332.37,10321135.84,0.00,486.53,281254.97,383153.77,169240.23,0.00,0.00,921.89,45.64,0.00,2411737.27,224115394.36,520608406.60,0.00,1072429.37,28438974.07,44133537.81,23926710.67,0.00,0.00,0.00,68110566.55,3512095.95,0.00,0.00
2008-08-01,0.00,-88.92,5035.08,11096.86,0.00,0.49,554.57,784.96,313.89,0.00,0.00,0.00,1044.87,83.27,0.00,0.00,0.00,0.00,6469274.18,10207152.12,0.00,498.40,319644.25,364173.58,207285.27,0.00,0.00,933.23,37.37,0.00,2107051.46,190783808.92,406766939.36,0.00,15230.60,25249438.36,30210071.31,13789925.64,0.00,0.00,0.00,54489707.24,2968900.53,0.00,0.00
2008-09-01,0.00,-90.14,4572.80,9809.51,0.00,0.17,310.52,771.84,294.78,0.00,0.00,0.00,1029.11,93.90,0.00,0.00,0.00,0.00,5863627.50,9014795.30,0.00,164.69,178900.26,359262.58,188939.72,0.00,0.00,929.33,33.00,0.00,1915518.01,158436437.29,319669503.47,0.00,5533.84,12337383.93,25873107.27,11696043.07,0.00,0.00,0.00,45452684.26,2559379.23,0.00,0.00
2008-10-01,0.00,-121.59,4649.90,9973.42,0.00,2.31,301.22,682.87,345.89,0.00,0.00,0.00,1005.36,79.53,0.00,0.00,0.00,0.00,5993810.54,9193582.02,0.00,2385.07,183694.88,303883.34,233492.62,0.00,0.00,940.42,57.59,0.00,3064970.62,224563227.15,653500836.64,0.00,1642369.44,24614332.15,55610199.69,21338107.99,0.00,0.00,0.00,127615239.28,10991682.56,0.00,0.00
2008-11-01,0.00,-146.55,4565.81,9969.49,0.00,2.31,287.00,735.16,273.77,0.00,0.00,0.00,720.50,80.19,0.00,0.00,0.00,0.00,5857952.42,9163077.13,0.00,2411.93,173995.54,332127.46,181591.64,0.00,0.00,952.90,33.17,0.00,3339450.78,153474110.49,344661597.13,0.00,533753.55,12409846.76,26200308.60,12746294.26,0.00,0.00,0.00,32559024.73,2777178.23,0.00,0.00
2008-12-01,0.00,-138.05,5005.71,10019.01,0.00,6.51,219.88,803.32,222.29,0.00,0.00,0.00,679.28,85.06,0.00,0.00,0.00,0.00,6416684.81,9189964.61,0.00,6826.43,137452.32,371649.84,143932.92,0.00,0.00,962.34,29.54,0.00,2793428.67,146118966.39,286023575.75,0.00,330864.31,12327308.09,34716839.67,9838007.97,0.00,0.00,0.00,25213764.18,3264894.79,0.00,0.00
2009-01-01,0.00,-16.33,4651.14,10490.44,0.00,12.86,442.96,839.66,422.90,0.00,0.00,0.00,1019.95,84.54,0.00,0.00,0.00,0.00,5993802.29,9668348.63,0.00,13944.11,262462.00,386804.75,284415.84,0.00,0.00,925.43,78.36,0.00,350010.73,663935910.01,498728511.12,0.00,15867471.85,156651098.89,129395448.14,172708025.90,0.00,0.00,0.00,218442905.22,16758595.78,0.00,0.00
2009-02-01,0.00,-43.97,4351.26,9586.11,0.00,2.81,408.68,806.65,321.15,0.00,0.00,0.00,868.53,82.65,0.00,0.00,0.00,0.00,5598279.91,8829911.76,0.00,2990.63,241877.18,366670.89,206076.57,0.00,0.00,930.54,36.77,0.00,1021879.16,151218827.45,407865897.77,0.00,941885.27,23797928.85,34948419.57,24916043.49,0.00,0.00,0.00,48478200.20,2855990.41,0.00,0.00
2009-03-01,0.00,-9.41,4951.07,10042.07,0.00,1.74,241.51,839.78,236.67,0.00,0.00,0.00,696.80,79.17,0.00,0.00,0.00,0.00,6374288.13,9221006.49,0.00,1815.16,146217.40,388179.81,144820.69,0.00,0.00,952.98,25.57,0.00,169689.59,127851690.69,261148013.65,0.00,290959.49,9974268.75,25144324.57,8106638.31,0.00,0.00,0.00,24793253.61,1976701.09,0.00,0.00
2009-04-01,0.00,-1.27,4456.83,9234.03,0.00,2.57,321.30,822.35,328.94,0.00,0.00,0.00,797.85,74.95,0.00,0.00,0.00,0.00,5731733.48,8450493.54,0.00,2689.18,181516.63,377531.10,205174.16,0.00,0.00,932.13,36.55,0.00,20808.71,166275635.71,329079479.34,0.00,176155.05,15348419.67,30976630.50,15306013.54,0.00,0.00,0.00,50298978.68,2480002.60,0.00,0.00
2009-05-01,0.00,-5.15,4778.40,9801.48,0.00,4.19,356.46,928.25,317.71,0.00,0.00,0.00,950.74,68.91,0.00,0.00,0.00,0.00,6112401.24,8991508.47,0.00,4389.95,201588.73,420334.76,191815.20,0.00,0.00,925.65,30.91,0.00,105116.96,150715004.91,291481742.02,0.00,110505.87,14000664.35,29681179.81,11255281.92,0.00,0.00,0.00,41844622.10,2072261.42,0.00,0.00
2009-06-01,0.00,-3.32,4838.53,10134.47,0.00,0.31,315.63,875.62,361.07,0.00,0.00,0.00,1007.48,102.69,0.00,0.00,0.00,0.00,6212498.50,9251904.27,0.00,312.53,179046.24,401782.58,220239.37,0.00,0.00,922.49,40.23,0.00,55382.51,145281242.94,341989526.03,0.00,10319.83,12470495.49,31772269.47,31134769.56,0.00,0.00,0.00,135245250.80,2738444.23,0.00,0.00
2009-07-01,0.00,-15.43,4842.66,10471.76,48.21,1.90,284.47,849.29,369.23,0.00,0.00,0.00,1331.63,411.67,0.00,0.00,0.00,0.00,6221309.07,9574315.50,4473.68,1980.44,159369.69,395317.24,225454.39,0.00,0.00,891.74,29.25,0.00,309345.12,130758136.09,318905943.44,1337521.50,125630.42,9521431.04,26414764.60,15417724.84,0.00,0.00,0.00,42789067.07,10296436.97,0.00,0.00
2009-08-01,0.00,-27.04,4791.40,9793.44,47.69,0.18,179.19,895.76,278.58,0.00,0.00,0.00,1329.56,511.20,0.00,0.00,0.00,0.00,6142292.73,8980244.10,4527.96,172.00,101166.13,407933.37,165221.53,0.00,0.00,887.73,23.42,0.00,494370.50,108758751.93,240748223.92,1143609.87,4411.39,4972383.89,21976559.90,7200914.10,0.00,0.00,0.00,31000077.08,10543676.50,0.00,0.00
2009-09-01,0.00,-13.59,4368.22,8878.83,51.30,3.18,202.99,1005.23,373.36,0.00,0.00,0.00,1277.49,452.16,0.00,0.00,0.00,0.00,5639757.18,8229353.53,4883.43,1982.31,114867.55,465898.75,223806.66,0.00,0.00,884.41,24.38,0.00,287342.72,101001559.83,227726147.58,1267632.53,87280.75,5977738.22,26028082.34,9895537.43,0.00,0.00,0.00,30204029.64,10507551.03,0.00,0.00
2009-10-01,0.00,-21.81,4737.08,9117.57,46.31,5.63,182.20,1153.39,466.90,0.00,0.00,0.00,972.88,383.79,0.00,0.00,0.00,0.00,6066631.84,8420521.50,4042.42,5914.97,104022.60,532757.38,284234.98,0.00,0.00,904.61,26.41,0.00,429216.73,122055479.01,251534422.01,1243187.58,141277.41,5927537.62,33076762.02,13904015.56,0.00,0.00,0.00,27613892.51,9794164.96,0.00,0.00
2009-11-01,0.00,-69.15,4623.27,9528.19,13.89,18.56,337.12,1106.43,667.75,0.00,0.00,0.00,970.92,326.25,0.00,0.00,0.00,0.00,5890719.26,8718157.75,385.69,19622.92,189904.58,519145.94,427968.27,0.00,0.00,899.72,76.29,0.00,1371280.66,221264386.01,957780621.89,1252383.76,23323298.37,70487562.78,162737937.08,176815208.26,0.00,0.00,0.00,161053126.54,39154495.24,0.00,0.00
2009-12-01,0.00,-82.55,4953.08,9766.67,11.94,7.01,203.96,1070.08,522.36,0.00,0.00,0.00,870.23,354.60,0.00,0.00,0.00,0.00,6310210.45,8886860.25,247.03,7273.89,114924.45,500029.33,323524.28,0.00,0.00,913.21,48.02,0.00,1562475.44,116797314.94,711396621.75,478435.48,2502198.08,6626723.40,61112591.74,59031306.33,0.00,0.00,0.00,138219082.13,13986703.12,0.00,0.00
2010-01-01,0.00,-29.86,5024.55,9970.68,14.30,5.92,185.48,1106.67,522.89,0.00,0.00,0.00,947.55,366.90,0.00,0.00,0.00,0.00,6413104.61,9078163.85,292.95,6256.87,105917.30,507868.29,337437.21,0.00,0.00,908.03,73.84,0.00,591118.72,316436261.10,558637660.90,1053290.15,11592141.50,48169239.49,81822970.38,116663213.45,0.00,0.00,0.00,125951713.03,37302868.18,0.00,0.00
2010-02-01,0.00,-21.62,4433.80,9229.58,13.75,3.31,230.30,1136.84,491.80,0.00,0.00,0.00,936.22,353.81,0.00,0.00,0.00,0.00,5690724.44,8402216.37,280.78,3660.29,131447.17,526961.31,311638.03,0.00,0.00,896.43,74.44,0.00,439625.96,332419374.67,471545266.89,591331.99,9137985.05,56882515.05,90651746.06,112034645.31,0.00,0.00,0.00,110942810.95,22027146.19,0.00,0.00
2010-03-01,0.00,-4.35,5022.42,9700.36,14.93,0.79,169.97,1108.68,429.34,0.00,0.00,0.00,816.46,319.24,0.00,0.00,0.00,0.00,6480071.02,8840982.05,307.62,878.87,97016.77,524580.27,259722.40,0.00,0.00,921.82,25.59,0.00,59688.67,115673083.86,251348887.77,379226.11,25211.55,4912116.91,27778268.62,12147594.84,0.00,0.00,0.00,24981309.02,7076387.13,0.00,0.00
2010-04-01,0.00,-3.61,4263.07,8916.46,-0.38,0.59,289.45,1044.82,407.07,0.00,0.00,0.00,988.77,315.50,0.00,0.00,0.00,0.00,5460736.91,8124242.12,0.00,650.60,165941.33,491462.22,250392.40,0.00,0.00,893.46,38.48,0.00,57727.15,257084373.05,213849374.60,0.00,120921.74,16971336.12,25270956.94,33039334.09,0.00,0.00,0.00,83495820.96,9465120.92,0.00,0.00
2010-05-01,0.00,-27.87,4337.12,9671.05,-0.58,1.91,284.66,1264.41,446.55,0.00,0.00,0.00,1259.07,276.17,0.00,0.00,0.00,0.00,5549809.24,8803878.97,0.18,2007.76,163069.50,573118.34,269769.97,0.00,0.00,877.18,29.36,0.00,613623.02,130858218.63,243206014.43,157.29,42152.47,9813730.88,32967446.25,14409361.33,0.00,0.00,0.00,59839737.96,7590152.12,0.00,0.00
2010-06-01,0.00,-6.57,4558.48,9675.74,31.51,0.41,238.88,1426.62,452.64,0.00,0.00,0.00,1348.70,306.31,0.00,0.00,0.00,0.00,5854210.12,8843986.28,2936.90,446.51,137191.15,652554.42,270777.26,0.00,0.00,874.08,31.14,0.00,135303.43,139146618.31,283260188.36,726532.25,19931.27,10002771.28,42506374.47,15422659.57,0.00,0.00,0.00,50518406.46,9261288.39,0.00,0.00
2010-07-01,0.00,-1.90,5001.11,9896.75,44.11,0.17,259.77,1528.11,358.06,0.00,0.00,0.00,1440.71,294.21,0.00,0.00,0.00,0.00,6396818.36,9023948.49,4054.40,183.81,148284.43,705113.55,213859.59,0.00,0.00,876.26,26.70,0.00,34331.72,135047923.02,250058435.43,921524.91,-7109.20,8660921.95,39917219.90,9032450.96,0.00,0.00,0.00,41976508.32,7051502.48,0.00,0.00
2010-08-01,0.00,-2.03,4853.06,9281.87,24.66,1.86,238.66,1568.53,360.31,0.00,0.00,0.00,1599.59,549.92,0.00,0.00,0.00,0.00,6231181.58,8449543.60,1958.00,1964.86,136243.57,737160.99,213842.67,0.00,0.00,853.62,32.22,0.00,29173.41,131635611.70,281181393.88,501430.11,47307.67,7347339.10,48545881.45,15026765.23,0.00,0.00,0.00,71648200.00,14996980.83,0.00,0.00
2010-09-01,0.00,-2.84,4555.60,8177.09,14.21,3.78,241.29,1506.89,362.36,0.00,0.00,0.00,1672.43,413.18,0.00,0.00,0.00,0.00,5846002.38,7447899.81,1311.32,4003.99,138625.14,701616.40,212636.57,0.00,0.00,847.03,23.19,0.00,53140.27,102272434.19,189079583.26,302988.52,89154.53,6212156.45,34748304.96,8183709.28,0.00,0.00,0.00,37275324.69,8903718.67,0.00,0.00
2010-10-01,0.00,-0.79,4627.74,8181.04,40.90,0.16,176.21,1373.56,420.02,0.00,0.00,0.00,1523.67,432.66,0.00,0.00,0.00,0.00,5913079.40,7458764.86,3716.39,181.72,101457.12,653382.41,258671.21,0.00,0.00,857.77,21.44,0.00,14914.03,90453822.68,178273710.53,788439.44,30236.03,5056167.75,29830547.40,9301997.32,0.00,0.00,0.00,30621938.09,6336856.59,0.00,0.00
2010-11-01,0.00,-2.14,4586.40,7933.10,9.82,0.40,160.12,1385.03,392.87,0.00,0.00,0.00,1652.36,371.55,0.00,0.00,0.00,0.00,5840250.45,7211164.32,1210.77,461.39,91549.71,657118.00,238700.64,0.00,0.00,851.48,21.38,0.00,28159.78,86765524.60,165601668.51,135100.37,91522.88,4657512.14,29729959.93,9385955.04,0.00,0.00,0.00,37046084.45,6618813.38,0.00,0.00
2010-12-01,0.00,-14.41,4664.87,8033.05,1.43,0.54,134.11,1584.65,340.26,0.00,0.00,0.00,1569.77,469.58,0.00,0.00,0.00,0.00,5921003.91,7292211.24,55.75,580.92,77066.28,736476.15,205743.27,0.00,0.00,848.03,21.16,0.00,223630.35,78837732.11,184668129.32,36197.74,18425.07,2809702.65,34346583.59,8187976.16,0.00,0.00,0.00,30041893.81,7436290.39,0.00,0.00
2011-01-01,0.00,-86.12,4730.36,9130.89,0.45,23.14,318.67,1466.98,492.50,0.00,0.00,0.00,1106.67,380.18,0.00,0.00,0.00,0.00,5992329.02,8329550.29,36.12,24376.81,181494.75,687132.59,315342.40,0.00,0.00,884.22,61.74,0.00,1966397.20,195762082.38,463349697.72,55712.44,7651473.29,79233593.18,99434025.28,84811883.31,0.00,0.00,0.00,87123604.83,16714699.97,0.00,0.00
2011-02-01,0.00,-95.82,4259.47,8675.99,4.47,8.13,306.53,1416.29,407.87,0.00,0.00,0.00,1150.66,400.15,0.00,0.00,0.00,0.00,5422908.98,7910188.05,208.14,8525.70,174533.75,655837.34,261351.76,0.00,0.00,872.98,121.87,0.00,2826717.07,166794615.77,1191508813.17,1314956.52,14443070.37,15490958.76,144727646.10,148511282.77,0.00,0.00,0.00,232123907.61,19312663.29,0.00,0.00
2011-03-01,0.00,-19.58,4693.98,9221.60,-0.38,1.21,168.61,1471.86,355.00,0.00,0.00,0.00,951.98,473.36,0.00,0.00,0.00,0.00,5990678.72,8408147.30,0.00,1480.47,96969.66,686718.81,228405.10,0.00,0.00,889.98,26.84,0.00,373590.58,116761833.27,253395422.60,0.00,37493.98,3390374.91,39558488.71,10667791.07,0.00,0.00,0.00,26026598.01,10178616.42,0.00,0.00
2011-04-01,0.00,-3.82,4431.01,8644.25,-0.23,0.11,140.45,1189.65,261.62,0.00,0.00,0.00,880.56,373.37,0.00,0.00,0.00,0.00,5656589.03,7853982.56,0.02,112.89,80864.39,566615.26,160278.49,0.00,0.00,899.57,26.29,0.00,83992.02,114058724.33,225736144.89,28.46,3071.15,4079593.70,31493103.41,6854052.81,0.00,0.00,0.00,23992504.38,9567250.02,0.00,0.00
2011-05-01,0.00,-7.76,4334.28,9824.04,7.43,0.14,260.51,1359.12,294.31,0.00,0.00,0.00,1233.52,380.26,0.00,0.00,0.00,0.00,5576968.06,8962183.26,645.26,172.06,149638.68,628366.75,183335.20,0.00,0.00,876.48,31.64,0.00,199258.38,149576707.45,283030514.83,214650.95,10621.15,10103796.76,42449185.31,10366441.54,0.00,0.00,0.00,47743646.68,11140527.27,0.00,0.00
2011-06-01,0.00,-14.00,4437.95,9772.11,45.86,0.15,213.16,1334.00,233.30,0.00,0.00,0.00,1301.59,588.72,0.00,0.00,0.00,0.00,5727392.50,8892283.05,3606.27,168.79,122734.01,631797.32,136827.66,0.00,0.00,866.13,28.16,0.00,307880.63,125068662.01,264783549.88,1162669.35,5500.97,7235040.20,38118251.83,6708674.75,0.00,0.00,0.00,40137374.57,16291054.74,0.00,0.00
2011-07-01,0.00,-19.53,4575.77,9959.19,59.67,0.14,309.17,1367.31,289.89,0.00,0.00,0.00,1452.50,601.76,0.00,0.00,0.00,0.00,5897437.93,9079001.80,4214.45,145.25,176388.39,651876.86,173287.65,0.00,0.00,859.46,30.94,0.00,481471.72,134880425.02,297062606.91,1567090.02,8080.75,12673645.87,43099310.81,10810963.71,0.00,0.00,0.00,49444720.99,17343662.44,0.00,0.00
2011-08-01,0.00,-5.25,4463.62,9416.45,60.93,0.03,265.21,1463.56,287.22,0.00,0.00,0.00,1281.55,440.53,0.00,0.00,0.00,0.00,5756780.30,8599908.55,4842.81,30.99,151842.80,688013.39,168289.86,0.00,0.00,869.63,30.69,0.00,123509.88,133661182.43,284291274.33,1755935.35,1223.92,10210951.86,46320771.11,9138340.83,0.00,0.00,0.00,39850246.90,13225256.00,0.00,0.00
2011-09-01,0.00,-5.05,4412.06,8591.88,59.51,0.16,179.96,1093.58,285.64,0.00,0.00,0.00,1177.55,621.13,0.00,0.00,0.00,0.00,5708733.27,7874103.45,5238.21,174.42,103304.19,536838.14,169133.87,0.00,0.00,877.02,29.56,0.00,115630.07,121250006.98,251516780.38,1744430.94,30304.75,8699730.00,33973460.78,9194879.16,0.00,0.00,0.00,33744294.94,18031223.83,0.00,0.00
2011-10-01,0.00,-5.46,4813.02,8636.96,61.88,0.57,149.71,1169.40,327.04,0.00,0.00,0.00,962.27,474.41,0.00,0.00,0.00,0.00,6246729.35,7882831.01,5194.81,671.54,85403.04,574945.91,195301.24,0.00,0.00,903.63,28.69,0.00,111272.87,117652629.77,245412154.86,1691519.20,400284.23,7291098.36,36436257.07,11444845.41,0.00,0.00,0.00,30096398.17,13979924.29,0.00,0.00
2011-11-01,0.00,-20.19,4573.55,8380.87,57.56,1.07,264.84,1489.64,385.43,0.00,0.00,0.00,1023.93,458.14,0.00,0.00,0.00,0.00,5901933.84,7671511.04,5203.44,1137.86,148919.85,701859.41,229736.68,0.00,0.00,882.36,34.37,0.00,508474.68,122505085.32,305974003.40,1982905.30,25885.16,8802862.72,52237639.99,17887171.14,0.00,0.00,0.00,39875343.11,13800839.24,0.00,0.00
2011-12-01,0.00,-18.76,4899.67,8136.24,32.45,0.05,178.91,1523.87,300.39,0.00,0.00,0.00,867.58,474.00,0.00,0.00,0.00,0.00,6303157.75,7410081.87,2220.95,47.26,102648.49,711311.73,175803.80,0.00,0.00,896.97,25.23,0.00,397642.58,109794389.16,212528886.35,845861.23,1397.87,4651788.35,39282316.22,8012005.62,0.00,0.00,0.00,22614123.47,10407479.14,0.00,0.00
2012-01-01,0.00,-32.25,4876.13,8942.30,15.29,3.90,272.50,1550.19,331.58,0.00,0.00,0.00,792.60,645.14,0.00,0.00,0.00,0.00,6267881.25,8110689.36,316.95,4120.06,155982.52,727704.98,197398.16,0.00,0.00,888.87,28.17,0.00,551146.98,118566656.38,251039373.74,402149.26,245746.22,8807204.06,47155800.08,12139766.17,0.00,0.00,0.00,28151009.91,15610030.06,0.00,0.00
2012-02-01,0.00,-12.82,4742.71,8461.70,16.68,2.00,233.27,1498.64,266.25,0.00,0.00,0.00,838.88,423.96,0.00,0.00,0.00,0.00,6098077.73,7662166.95,342.80,2111.87,133495.64,701104.12,158147.44,0.00,0.00,895.83,28.97,0.00,241624.63,123695152.02,245880609.79,525630.33,111993.71,7439359.67,46225439.03,9812331.96,0.00,0.00,0.00,27365496.45,10923178.41,0.00,0.00
2012-03-01,0.00,-6.20,4557.11,8551.56,14.67,0.84,189.99,1475.09,280.94,0.00,0.00,0.00,1104.08,504.17,0.00,0.00,0.00,0.00,5857858.54,7766822.04,304.10,901.11,108517.81,692664.70,166707.83,0.00,0.00,875.33,26.49,0.00,109470.42,107965430.67,228083620.45,426866.15,32855.11,5423625.91,41287026.29,8481104.93,0.00,0.00,0.00,32012988.02,12311181.22,0.00,0.00
2012-04-01,0.00,-3.01,4142.36,8040.26,-0.53,0.18,310.06,1441.46,276.60,0.00,0.00,0.00,1129.19,361.01,0.00,0.00,0.00,0.00,5328989.39,7352205.61,0.27,174.96,177308.68,672067.43,161901.74,0.00,0.00,872.28,32.60,0.00,69216.76,132411370.30,257781715.33,335.96,6568.30,9918030.80,45357792.14,9198460.28,0.00,0.00,0.00,41421520.43,9509321.14,0.00,0.00
2012-05-01,0.00,-7.22,4827.76,9019.35,-0.77,0.19,214.03,1338.82,244.71,0.00,0.00,0.00,1166.10,471.84,0.00,0.00,0.00,0.00,6210516.59,8220802.11,6.03,234.19,123170.79,617340.29,143208.95,0.00,0.00,886.57,28.11,0.00,128516.75,129112781.88,251095269.36,962.57,7234.76,6709221.01,37106517.39,6499913.05,0.00,0.00,0.00,36658286.08,13117120.05,0.00,0.00
2012-06-01,0.00,-24.64,4104.78,9177.31,7.28,0.29,326.69,1363.89,310.28,0.00,0.00,0.00,1562.96,573.41,0.00,0.00,0.00,0.00,5250389.60,8338105.99,587.88,259.85,184843.69,644902.92,180154.54,0.00,0.00,838.93,36.39,0.00,657769.33,146886550.51,332455471.13,286035.79,10706.79,9997445.08,47858975.19,12449933.70,0.00,0.00,0.00,60029595.05,16841780.45,0.00,0.00
2012-07-01,0.00,-16.58,3851.07,9201.75,5.25,0.80,320.66,1535.00,471.31,0.00,0.00,0.00,2027.02,464.40,0.00,0.00,0.00,0.00,4909721.80,8338762.26,486.80,786.66,183680.75,721069.60,271237.53,0.00,0.00,807.68,70.37,0.00,917211.26,280756528.14,610998249.29,384480.88,115846.40,30228662.05,108653431.37,40010993.00,0.00,0.00,0.00,144413076.20,30901740.77,0.00,0.00
2012-08-01,0.00,-14.07,3917.07,8968.79,48.60,3.57,272.53,1301.53,468.44,0.00,0.00,0.00,1910.27,700.37,0.00,0.00,0.00,0.00,5010381.34,8142663.74,4474.49,3865.71,156914.26,629300.65,267955.10,0.00,0.00,808.75,56.85,0.00,759144.68,218965142.27,506352720.81,2640459.55,310.97,19277798.61,75348242.48,27115698.36,0.00,0.00,0.00,100975898.29,38490257.24,0.00,0.00
2012-09-01,0.00,-16.08,3576.31,8006.37,60.56,2.60,194.28,1174.38,464.13,0.00,0.00,0.00,1714.42,587.82,0.00,0.00,0.00,0.00,4584476.76,7320638.17,5025.70,2755.76,111864.13,563158.85,264499.19,0.00,0.00,815.26,52.64,0.00,799483.57,187848261.07,424947434.79,3231431.85,127221.95,11873753.23,61449975.36,24749177.39,0.00,0.00,0.00,79769392.65,27537734.52,0.00,0.00
2012-10-01,0.00,-14.69,4038.17,7745.28,67.40,0.31,111.86,1580.62,574.77,0.00,0.00,0.00,1475.17,503.17,0.00,0.00,0.00,0.00,5142844.51,7037609.33,5841.65,335.24,64408.69,733925.58,327377.07,0.00,0.00,827.78,53.94,0.00,771293.04,207850748.01,427852565.75,3558856.65,21399.80,6017226.91,83455476.27,31425830.36,0.00,0.00,0.00,72657196.95,24947108.79,0.00,0.00
2012-11-01,0.00,-8.94,3992.00,8154.49,64.40,2.49,118.48,1520.75,436.03,0.00,0.00,0.00,1133.60,494.28,0.00,0.00,0.00,0.00,5040555.55,7376471.79,5410.14,2646.73,68222.01,708073.48,252368.86,0.00,0.00,845.74,67.75,0.00,469415.16,313592346.55,462104847.30,3501342.02,515089.16,12189223.22,88514927.93,45119357.95,0.00,0.00,0.00,96998014.46,30409582.00,0.00,0.00
2012-12-01,0.00,-8.71,4149.72,8457.67,35.45,10.03,112.76,1488.00,402.83,0.00,0.00,0.00,1115.93,622.91,0.00,0.00,0.00,0.00,5246611.99,7645073.85,2264.15,10540.05,64808.49,692859.76,233650.43,0.00,0.00,848.00,54.42,0.00,422351.52,220600813.38,455432380.65,2174289.21,1258912.80,8285028.99,82276692.58,25797019.98,0.00,0.00,0.00,56361024.31,32175782.03,0.00,0.00
2013-01-01,0.00,-23.82,4296.22,8827.75,15.84,37.45,187.81,1623.03,508.33,0.00,0.00,0.00,1260.90,555.97,0.00,0.00,0.00,0.00,5465909.96,7998877.67,504.98,39366.04,108045.97,751038.39,296711.61,0.00,0.00,847.94,86.32,0.00,1903492.99,231436401.59,838591378.77,2208959.51,10281473.41,18007993.80,174460655.91,78077190.39,0.00,0.00,0.00,88222000.48,28617135.28,0.00,0.00
2013-02-01,0.00,-14.39,3864.11,7757.95,20.19,2.32,204.84,1508.70,398.59,0.00,0.00,0.00,1303.78,509.28,0.00,0.00,0.00,0.00,4954583.24,7063536.15,580.78,2491.51,116994.12,696002.54,231901.12,0.00,0.00,839.97,55.50,0.00,695488.24,208956526.14,426680808.46,1248540.95,274330.15,15588351.86,85117290.45,25895803.95,0.00,0.00,0.00,68782343.31,26608075.40,0.00,0.00
2013-03-01,0.00,-17.29,4417.19,8375.72,22.13,1.39,192.52,1449.26,398.41,0.00,0.00,0.00,1243.65,616.94,0.00,0.00,0.00,0.00,5628350.46,7597403.20,672.89,1452.10,110042.46,675244.98,232126.97,0.00,0.00,853.02,59.90,0.00,873369.25,235362527.86,513666992.07,1697730.52,175355.50,15209553.30,90064021.77,29486314.63,0.00,0.00,0.00,70853390.46,30262203.73,0.00,0.00
2013-04-01,0.00,-2.46,4015.04,7872.45,8.61,0.52,138.92,1213.10,332.26,0.00,0.00,0.00,1353.12,464.23,0.00,0.00,0.00,0.00,5094786.93,7094060.36,403.48,558.94,78815.60,569526.87,197068.82,0.00,0.00,846.67,55.10,0.00,121380.53,203520404.99,434949564.02,516017.21,111436.40,11255325.90,71237183.88,20766983.03,0.00,0.00,0.00,65717231.10,24907968.36,0.00,0.00
2013-05-01,0.00,-6.95,3979.56,8854.12,11.64,3.75,204.94,1094.82,373.26,0.00,0.00,0.00,1564.37,635.78,0.00,0.00,0.00,0.00,5091016.44,8019831.02,532.34,3318.63,117542.17,527833.59,222691.88,0.00,0.00,836.53,60.25,0.00,346226.52,220115536.32,504912756.84,731340.17,456187.20,28856550.90,78881093.37,30030652.69,0.00,0.00,0.00,79724017.78,41008229.38,0.00,0.00
2013-06-01,0.00,-4.98,3993.52,8922.04,24.69,1.09,267.89,1202.58,376.73,0.00,0.00,0.00,1532.94,489.50,0.00,0.00,0.00,0.00,5101840.64,8099227.21,560.38,1117.24,152748.15,575603.79,227962.21,0.00,0.00,842.50,64.12,0.00,254010.06,246760730.58,536260727.41,1614478.80,734283.40,31312315.19,84050577.85,35651000.93,0.00,0.00,0.00,88568811.35,31514089.50,0.00,0.00
2013-07-01,0.00,-4.45,3895.96,8910.58,30.49,0.22,213.68,1244.45,362.97,0.00,10.87,0.00,1903.63,747.14,0.00,0.00,0.00,0.00,5007273.84,8061303.60,617.93,236.58,123038.30,562863.17,213237.14,0.00,6147.64,807.06,60.08,0.00,219482.87,231465718.11,528848284.54,1845757.23,26553.30,17284526.36,77467429.04,25164511.74,0.00,655968.84,0.00,105428304.63,42137894.00,0.00,0.00
2013-08-01,0.00,-2.15,3701.88,8396.60,49.86,17.46,225.81,1203.46,459.92,0.00,24.58,0.00,1762.51,1021.99,0.00,0.00,0.00,0.00,4782834.97,7642283.64,4183.07,12387.39,130018.68,538747.23,266573.81,0.00,13905.05,794.15,57.54,0.00,99856.59,201276387.32,480635992.67,3079786.09,986902.48,18968121.58,74033211.97,30808759.48,0.00,1497652.79,0.00,88721212.93,58147782.61,0.00,0.00
2013-09-01,0.00,-3.06,3315.14,7642.41,61.07,21.64,164.47,1053.31,594.26,0.00,20.45,0.00,1671.43,799.06,0.00,0.00,0.00,0.00,4266908.11,6925202.29,5220.62,15346.26,94665.71,472838.15,337720.58,0.00,11566.46,790.70,52.95,0.00,147764.83,164154172.39,413018161.09,3349650.39,1162914.94,11060411.84,58846580.89,32373814.46,0.00,1127349.49,0.00,77884977.38,40994207.87,0.00,0.00
2013-10-01,0.00,-1.66,3750.63,7783.96,35.98,3.45,102.61,1208.24,382.57,0.00,18.25,0.00,1779.90,869.25,0.00,0.00,0.00,0.00,4791012.68,7039029.39,2258.36,2457.66,59083.06,540162.66,220850.64,0.00,10321.81,794.89,53.95,0.00,85094.53,187441208.98,435860437.25,2036449.00,190084.15,6376783.17,71119553.55,22949946.59,0.00,1094787.89,0.00,78431613.49,42615828.47,0.00,0.00
2013-11-01,0.00,-3.70,4017.42,7420.32,10.48,0.19,120.07,1368.07,291.08,0.00,21.63,0.00,1575.74,638.65,0.00,0.00,0.00,0.00,5076952.95,6775764.92,478.51,207.95,69113.50,609933.59,168124.67,0.00,12234.92,822.31,50.41,0.00,185874.65,189206532.59,385102487.53,569303.76,10039.12,6290187.29,71220678.26,15524911.85,0.00,1142989.25,0.00,75825636.91,30508027.57,0.00,0.00
2013-12-01,0.00,-2.95,4003.31,7842.96,14.03,0.80,145.53,1420.93,337.09,0.00,20.72,0.00,1619.48,643.54,0.00,0.00,0.00,0.00,5097356.80,7156761.71,636.88,816.82,83656.38,648002.83,196931.51,0.00,11723.62,822.41,61.59,0.00,136622.79,206465838.11,479311228.32,826873.92,758812.96,25838221.41,90245654.97,37887664.71,0.00,1175308.01,0.00,89879743.78,34814119.10,0.00,0.00
2014-01-01,0.00,-20.52,4262.33,8609.40,20.99,6.44,225.29,1602.11,481.54,0.00,22.94,0.00,1161.13,734.66,0.00,0.00,0.00,0.00,5431334.62,7811250.12,772.19,6733.89,128520.53,740899.23,289803.88,0.00,12977.43,843.10,75.12,0.00,912688.69,333149060.04,537265447.30,1676493.44,2792446.52,48255569.07,117881218.50,81096796.70,0.00,1587107.85,0.00,83471546.62,42644178.53,0.00,0.00
2014-02-01,0.00,-12.24,3906.26,7796.75,24.03,3.90,192.49,1368.16,474.72,0.00,21.83,0.00,1033.55,603.33,0.00,0.00,0.00,0.00,4953994.66,7050551.65,605.90,4037.98,109739.65,633423.79,279280.37,0.00,12352.01,846.31,54.68,0.00,561677.94,196119159.54,430701853.58,1467646.66,431484.42,13990564.58,77760363.10,33621335.49,0.00,1192740.16,0.00,50204452.31,29778260.79,0.00,0.00
2014-03-01,0.00,-7.57,4176.57,8342.19,24.37,2.01,114.72,1476.59,533.40,0.00,24.05,0.00,1007.30,524.58,0.00,0.00,0.00,0.00,5343968.37,7530516.81,566.71,2283.35,66004.30,695435.74,307964.93,0.00,13605.38,860.78,48.46,0.00,320429.02,193700357.53,410444527.61,1203622.38,107654.69,5980865.43,71831017.63,26627276.50,0.00,1161986.04,0.00,46442211.26,23657874.19,0.00,0.00
2014-04-01,0.00,-2.91,3961.69,7545.24,-0.23,1.65,136.24,1362.36,519.50,0.00,25.24,0.00,1116.47,552.76,0.00,0.00,0.00,0.00,5101855.23,6798094.27,2.22,1730.56,76858.58,639192.88,299889.77,0.00,14279.44,849.78,47.53,0.00,133786.68,175375354.44,372633662.28,4886.89,111762.16,6947544.53,64979857.10,25471104.32,0.00,1243520.77,0.00,44404527.41,23849911.53,0.00,0.00
2014-05-01,0.00,-9.30,3859.48,7996.37,8.94,2.29,175.94,1447.28,619.99,0.00,25.21,0.00,1512.28,626.52,0.00,0.00,0.00,0.00,4903845.04,7212096.40,413.45,2375.34,99044.36,665703.06,357723.01,0.00,14261.53,814.97,50.03,0.00,416447.80,187875517.47,408918757.40,490334.45,159836.98,9966066.48,71376791.03,32654221.34,0.00,1293787.14,0.00,62730859.95,29182010.75,0.00,0.00
2014-06-01,0.00,-4.59,3767.04,7726.16,26.28,0.95,144.89,1530.10,610.64,0.00,24.58,0.00,1675.78,837.85,0.00,0.00,0.00,0.00,4760169.51,6953478.98,1536.61,1001.03,82596.44,678527.90,349942.71,0.00,13902.36,785.89,50.38,0.00,202277.69,185409332.52,388705103.42,1308467.95,58148.40,9858585.63,77908034.12,33455069.78,0.00,1222192.46,0.00,77875507.89,37766783.12,0.00,0.00
2014-07-01,0.00,-15.80,4186.02,8611.03,61.74,0.45,129.84,1394.14,644.57,0.00,23.90,0.00,1461.88,1039.51,0.00,0.00,0.00,0.00,5361528.83,7737297.53,5265.48,458.82,74423.85,630130.24,373186.17,0.00,13519.34,809.47,40.16,0.00,413001.94,165757231.68,331651937.32,2025335.61,92144.19,9408250.40,56399008.54,29153110.42,0.00,780337.66,0.00,55096854.18,37161345.95,0.00,0.00
2014-08-01,0.00,-16.37,4238.26,8596.05,46.99,0.17,260.51,1271.99,542.40,0.00,21.03,0.00,1355.04,566.86,0.00,0.00,0.00,0.00,5444616.06,7715470.65,4356.47,189.28,149588.55,576504.36,315719.60,0.00,11897.73,842.17,34.58,0.00,422491.67,148895757.37,276810321.35,1253963.18,18927.36,12418688.95,41226165.71,19308906.39,0.00,543676.79,0.00,50606636.59,18809335.00,0.00,0.00
2014-09-01,0.00,-9.53,3912.67,7742.97,57.85,0.15,133.24,747.73,741.03,0.00,13.11,0.00,1100.30,764.61,0.00,0.00,0.00,0.00,4997364.34,6952262.84,4834.55,158.13,75821.24,352179.84,434451.87,0.00,7417.90,843.49,38.37,0.00,325523.95,144020762.35,288107487.58,1917671.36,16608.57,7169422.30,29272392.01,29496774.85,0.00,374648.89,0.00,45002811.85,25879469.80,0.00,0.00
2014-10-01,0.00,-4.21,4326.50,7576.96,60.93,0.14,131.18,965.50,703.98,0.00,31.68,0.00,970.01,782.42,0.00,0.00,0.00,0.00,5517948.29,6853039.21,5442.95,158.83,75533.06,452547.51,409781.73,0.00,18699.71,857.71,28.95,0.00,79407.35,116661113.09,215029892.96,1403121.45,13301.69,4962116.12,24910173.26,18926911.00,0.00,795787.26,0.00,32530382.37,21249476.61,0.00,0.00
2014-11-01,0.00,-11.32,4170.11,7551.04,41.10,2.62,125.68,1286.50,863.16,0.00,50.08,0.00,752.58,744.83,0.00,0.00,0.00,0.00,5290546.52,6801600.14,3299.58,2769.29,72095.79,572215.75,511242.82,0.00,30584.57,852.85,34.29,0.00,244547.49,120631788.37,263219094.49,1395523.47,286897.82,6059785.75,43644588.17,31554397.99,0.00,1629368.75,0.00,30030573.92,21800233.07,0.00,0.00
2014-12-01,0.00,-4.28,4390.52,8011.74,4.50,6.43,123.69,1162.80,712.84,0.00,65.71,0.00,750.18,729.31,0.00,0.00,0.00,0.00,5541192.04,7204520.78,217.97,6739.72,71219.13,526264.86,422121.91,0.00,40123.66,865.80,56.53,0.00,85965.13,117875117.61,521427308.23,292008.91,13437894.94,4114285.86,75941011.21,82339712.01,0.00,5980457.59,0.00,34754210.82,20392378.58,0.00,0.00
2015-01-01,0.00,-15.99,4538.36,8402.85,14.86,15.63,135.22,1153.45,619.70,0.00,66.28,0.00,885.29,892.01,0.00,0.00,0.00,0.00,5781237.47,7554951.13,524.89,16383.36,77635.67,526590.46,368047.86,0.00,40435.10,859.83,61.80,0.00,402195.55,123146286.01,602211572.52,1036543.88,11910589.04,8557171.21,97399072.74,83835723.06,0.00,7031562.03,0.00,39603908.77,24687230.28,0.00,0.00
2015-02-01,0.00,-6.21,4160.78,7775.73,17.26,2.68,175.22,1052.06,549.09,0.00,60.87,0.00,826.84,681.01,0.00,0.00,0.00,0.00,5264332.99,6993324.30,413.03,2813.23,100456.23,477105.66,324326.67,0.00,37107.98,863.00,34.99,0.00,164898.89,121989954.92,269584671.59,621431.87,217377.75,10824911.42,39982352.80,20664110.60,0.00,2062360.42,0.00,33065839.38,23683015.33,0.00,0.00
2015-03-01,0.00,-14.41,4432.32,8244.76,25.19,5.94,94.86,1148.93,728.04,0.00,67.27,0.00,887.49,752.17,1.96,58.66,0.00,0.00,5614918.51,7421093.46,760.30,6227.32,54577.01,520625.20,435500.98,0.00,40949.55,857.70,62.91,0.00,323938.17,115636537.47,599974859.30,3417769.20,15556724.49,3059930.92,96912374.21,98863387.90,0.00,7633539.74,0.00,45124327.31,20387580.16,64721.80,2860789.42
2015-04-01,0.00,-13.90,4279.04,7649.12,5.65,1.07,116.00,875.27,621.61,0.00,64.51,0.00,992.24,706.62,6.31,155.77,0.00,0.00,5405959.79,6878869.81,272.41,1114.10,66534.27,404437.89,365369.78,0.00,39244.59,851.38,34.90,0.00,380746.46,127191237.76,267184185.20,178395.08,104889.79,6670990.80,29760722.86,23006858.59,0.00,2052449.87,0.00,40086544.64,22368405.18,242561.47,5284341.66
2015-05-01,0.00,-7.80,4254.88,8413.92,3.43,0.36,140.54,837.20,567.78,0.00,66.59,0.00,1210.02,1042.78,10.71,144.69,0.00,0.00,5394534.70,7553633.07,169.49,295.19,80827.82,394598.10,335605.82,0.00,40544.23,827.10,33.49,0.00,183418.90,131052688.60,282591525.16,116387.35,39266.06,7490134.98,28556267.36,19788046.32,0.00,2065931.19,0.00,40902296.17,29129645.23,362518.90,4520338.40
2015-06-01,0.00,-11.52,4222.33,8718.13,23.69,0.83,218.02,959.80,522.39,0.00,61.29,0.00,1469.31,703.49,10.02,116.89,0.00,0.00,5331279.59,7818824.53,1920.91,892.08,125387.80,442652.69,308821.67,0.00,37349.50,826.76,37.07,0.00,319000.14,149597299.82,304089578.93,677786.64,336234.84,16489908.63,35514136.93,20467265.08,0.00,1913592.58,0.00,53640274.57,26722611.04,353938.79,4792715.16
2015-07-01,0.00,-27.01,4575.32,9360.36,59.06,1.95,254.45,866.38,301.29,0.00,64.62,0.00,1455.58,1067.70,14.78,141.19,0.00,0.00,5775824.96,8382462.50,5445.94,2125.86,146232.35,393517.89,177857.96,0.00,39285.77,822.84,41.92,0.00,914872.15,169436759.38,374897958.46,2337692.90,405681.19,27573703.79,39092640.69,18993476.43,0.00,2530796.42,0.00,58488017.93,40259630.75,539486.76,5661346.74
2015-08-01,0.00,-23.93,4181.20,8816.06,59.47,0.87,249.15,857.03,331.65,0.00,62.67,0.00,1611.85,971.63,16.77,171.31,0.00,0.00,5302804.67,7921941.72,5277.94,893.94,142981.61,388313.82,195899.31,0.00,38036.65,808.76,39.51,0.00,732453.10,151868450.42,335571024.18,2284851.04,290273.55,21742837.82,35972816.75,17143828.37,0.00,2385417.39,0.00,58785368.68,34009245.86,589451.42,6249575.19
2015-09-01,0.00,-18.91,3780.07,8236.76,58.20,0.59,265.17,868.57,270.52,0.00,61.09,0.00,1312.09,748.83,26.02,211.28,0.00,0.00,4820127.53,7407821.28,5269.34,544.91,151048.71,396911.08,158768.54,0.00,37209.46,820.32,52.98,0.00,731961.01,164701203.74,435854445.51,2616003.76,86659.33,17687641.48,46311961.97,21871275.05,0.00,2740212.73,0.00,86758281.51,34725698.28,1113940.54,10229777.50
2015-10-01,0.00,-4.19,4039.59,8359.28,59.76,0.21,212.68,790.50,362.09,0.00,58.63,0.00,938.16,836.04,30.37,385.56,0.00,0.00,5162865.64,7536252.29,5295.80,188.94,122110.33,370780.84,213007.18,0.00,35576.34,836.79,38.99,0.00,106754.30,145703450.58,313486839.95,2195744.81,10582.11,10253899.98,30532928.35,14788536.85,0.00,2138182.70,0.00,47638743.20,29946778.46,1217538.04,16865016.24
2015-11-01,0.00,-8.51,4025.59,8209.17,14.37,1.07,228.95,940.44,616.29,0.00,54.97,0.00,804.73,783.03,33.06,992.37,0.00,0.00,5101876.81,7362954.53,901.69,974.39,131135.57,431232.42,365141.22,0.00,33386.86,804.26,46.54,0.00,296952.76,143440404.67,373173416.84,521006.92,181210.65,12985119.96,42977800.67,33360511.66,0.00,2339394.27,0.00,61436856.26,36252744.35,1729720.39,50416882.40
2015-12-01,0.00,-21.36,4092.39,8688.53,5.90,1.99,301.84,1034.15,635.71,0.00,43.70,0.00,983.69,856.79,33.66,1101.34,0.00,0.00,5180157.90,7781655.14,282.62,1956.04,171824.80,470168.36,379007.42,0.00,26094.81,788.99,52.52,0.00,702671.94,206564275.05,392868795.96,280259.36,451478.72,32027962.58,52808443.66,38677872.99,0.00,1837128.31,0.00,83443342.81,45123815.65,1673530.24,64117290.15
2016-01-01,0.00,-17.20,4235.72,8728.06,28.17,5.07,209.47,897.09,431.56,0.00,57.28,0.00,1322.24,820.63,31.86,1021.36,0.00,0.00,5362518.40,7847197.33,815.44,5306.67,119806.30,436877.59,260926.44,0.00,34956.90,791.64,57.60,0.00,543469.77,203143765.07,437205608.14,1468799.74,1251258.11,21170792.90,55543202.09,50361239.83,0.00,2949939.68,0.00,129510294.77,48413966.59,1720092.23,68617212.83
2016-02-01,0.00,-21.38,4063.50,8739.82,26.23,23.03,142.07,924.90,480.28,0.00,61.32,0.00,1092.14,680.09,37.38,1027.97,0.00,0.00,5113772.57,7866688.48,734.95,24086.63,81187.41,465292.99,290277.03,0.00,37344.11,803.33,73.11,0.00,700606.00,146332747.36,658757123.32,3321611.37,8927575.05,8039031.49,106359046.61,86332481.35,0.00,7036679.06,0.00,114889064.17,33470003.03,1689821.32,77937340.12
2016-03-01,0.00,-40.01,4298.94,8925.97,15.72,11.20,261.09,1025.57,501.62,0.00,54.90,0.00,1141.27,612.82,38.56,913.55,0.00,0.00,5446809.47,8023734.57,429.89,11109.32,148580.55,509329.94,302103.03,0.00,33637.69,815.02,64.49,0.00,1629425.36,204298149.14,493354807.43,1232095.77,2558981.77,21503403.28,96168560.93,52901355.85,0.00,3670899.10,0.00,165175813.58,42525900.94,1976037.61,57836236.61
2016-04-01,0.00,-27.34,4113.01,8110.85,-0.74,63.97,209.01,723.92,556.20,0.00,35.45,0.00,890.75,666.16,39.23,771.05,0.00,0.00,5254420.35,7285664.47,0.00,63446.83,120182.06,379302.70,331904.12,0.00,22607.77,833.21,70.43,0.00,1292004.26,193571250.50,545747119.42,0.00,12704496.61,13731940.00,73560266.53,55575749.52,0.00,2379947.91,0.00,137281277.29,39976189.59,2438973.18,46683138.13
2016-05-01,0.00,-48.70,3764.26,8436.92,-0.32,3.85,278.69,814.27,341.66,0.00,41.46,0.00,1247.38,1298.94,35.01,665.74,0.00,0.00,4817273.54,7626533.30,6.45,3643.64,159252.92,402482.84,201788.57,0.00,26445.96,784.25,67.88,0.00,2119417.51,211026893.10,587580447.51,40403.60,437844.69,29284046.22,63433788.56,34916791.90,0.00,2913267.04,0.00,80750892.29,64803959.29,2270325.41,42651345.05
2016-06-01,0.00,-85.38,3759.49,8878.37,11.28,8.79,353.55,837.22,468.65,0.00,61.31,0.00,1681.79,1020.10,25.04,497.88,0.00,0.00,4777285.89,8025778.33,1384.16,8934.15,202368.83,403186.57,275115.33,0.00,37646.20,783.86,100.17,0.00,3742642.02,354923706.43,847593003.77,892931.85,1740564.84,56850132.27,88806703.98,69337766.59,0.00,5204201.70,0.00,163650563.22,87635751.76,2316002.39,46580120.40
2016-07-01,0.00,-63.04,3659.00,9574.57,10.81,13.83,345.05,768.79,268.46,0.00,70.07,0.00,1738.77,1242.77,31.76,593.61,0.00,0.00,4656160.41,8605954.40,1613.75,14447.03,197657.62,376504.37,162907.49,0.00,42582.40,770.10,81.37,0.00,2337556.72,234848086.20,636072508.31,870334.81,9113842.42,115686773.76,80477229.10,77330025.19,0.00,4292171.86,0.00,140521128.14,107429243.48,1923019.09,45588815.14
2016-08-01,0.00,-17.83,3957.30,9564.85,43.84,1.22,280.49,605.60,126.10,0.00,68.41,0.00,1620.24,999.38,39.21,429.51,0.00,0.00,5037416.12,8596182.27,4457.04,1157.91,161383.37,301480.38,75038.47,0.00,41579.64,802.49,50.53,0.00,612201.66,172419638.51,477062133.23,2156596.36,165443.18,25084302.35,36365375.61,13012298.12,0.00,3247889.31,0.00,83452668.78,38457850.17,1566154.85,17836910.46
2016-09-01,0.00,-11.47,3753.38,8478.72,49.81,1.50,236.29,673.74,176.40,0.00,64.71,0.00,1397.50,839.57,39.09,467.11,0.00,0.00,4785367.07,7600051.09,4834.64,1801.71,135994.42,324903.92,103145.38,0.00,39378.22,803.86,46.89,0.00,385312.89,153779292.93,393056757.44,2318300.59,113430.72,17432314.32,35046904.54,10871351.13,0.00,2988437.47,0.00,67781283.22,35830104.41,1641193.78,20368942.63
2016-10-01,0.00,-19.08,3630.43,7681.14,49.87,0.88,194.32,620.02,170.37,0.00,65.66,0.00,1921.81,1209.54,53.70,630.88,0.00,0.00,4627863.86,6913675.23,4686.44,881.32,111787.27,306564.52,99439.17,0.00,40074.77,746.78,50.53,0.00,855367.30,125200905.82,425051456.09,2713583.98,202400.53,15786418.07,37718797.16,11750908.66,0.00,3559899.65,0.00,81479139.12,45325195.59,2811994.65,29057454.09
2016-11-01,0.00,-23.48,3764.09,7963.31,57.53,1.61,239.80,764.53,265.32,0.00,64.22,0.00,1628.76,910.78,57.16,683.53,0.00,0.00,4808755.53,7168745.94,5004.91,1485.21,138043.23,372352.67,155256.56,0.00,39232.07,774.79,69.48,0.00,979165.32,138494792.21,617001985.60,4004634.96,433966.89,19175529.57,59769192.85,32905067.24,0.00,4480219.02,0.00,113531736.89,38874635.43,6847255.86,52833663.38
2016-12-01,0.00,-17.03,4017.58,8985.23,41.32,3.19,217.65,649.95,121.89,0.00,66.36,0.00,1387.99,884.98,53.94,684.19,0.00,0.00,5151409.20,8073806.54,3235.03,3184.63,125286.70,328249.53,73455.65,0.00,40662.91,807.11,56.44,0.00,700299.23,121885208.25,546368676.18,2748295.43,3378723.61,29434660.74,51497056.35,20033137.56,0.00,4425129.55,0.00,67637512.61,38303430.12,3123438.95,46032125.79
2017-01-01,0.00,-55.24,4025.93,9759.84,15.74,33.62,273.25,1034.55,457.19,0.00,65.47,0.00,818.20,856.63,55.36,685.82,0.00,0.00,5166487.20,8785219.55,366.92,35271.20,156955.13,511600.59,273303.49,0.00,40040.04,830.41,129.82,0.00,2687557.57,251367747.19,1371786453.90,4459839.32,22494182.55,31118685.07,190710181.71,143676636.91,0.00,13071108.53,0.00,100421038.24,60778765.24,5828078.37,103530127.92
2017-02-01,0.00,-51.39,3530.05,8720.61,16.13,41.55,249.52,1039.93,482.87,0.00,57.48,0.00,908.81,820.00,49.80,618.47,0.00,0.00,4527040.71,7832210.93,339.16,43547.56,143371.22,519575.17,286858.35,0.00,35190.93,812.20,204.75,0.00,3920815.90,308384003.19,1865434190.18,3181500.17,40771133.54,89641823.98,245779182.30,222665146.80,0.00,13099261.13,0.00,239895449.44,92845082.04,11920603.64,142503217.18
2017-03-01,0.00,-32.46,3803.38,9343.08,15.16,5.74,275.48,1200.80,435.13,0.00,65.86,0.00,691.70,881.52,51.49,546.98,0.00,0.00,4857156.67,8418293.38,380.05,6093.36,157098.13,592712.05,253705.00,0.00,40207.22,828.84,97.94,0.00,2127321.10,333653326.77,862952311.42,1351317.19,2233720.86,45259193.45,128923561.83,62375558.61,0.00,5742016.62,0.00,82258134.19,79065664.90,5414344.85,63255298.76
2017-04-01,0.00,-23.80,3084.09,8181.54,3.49,0.03,207.83,1057.93,667.39,0.00,62.48,0.00,659.15,662.93,50.85,480.18,0.00,0.00,3688264.56,7366511.36,168.92,57.68,116976.48,526824.91,385158.07,0.00,37990.78,803.09,107.91,0.00,2065336.76,334985210.38,836036025.62,340343.39,6251.04,26760540.84,115614651.66,78718464.48,0.00,5928559.62,0.00,82019101.27,67445047.58,5373249.00,49804025.61
2017-05-01,0.00,-17.94,3104.82,9231.74,5.36,1.26,330.43,1053.81,376.73,0.00,59.21,0.00,1343.23,809.89,45.72,396.80,0.00,0.00,3719019.65,8300639.50,258.23,1662.39,187367.87,514382.79,221293.28,0.00,35744.25,775.36,97.85,0.00,1398883.63,328712222.30,821458093.39,513563.34,217682.27,45123258.63,105722358.27,44263661.03,0.00,5159173.63,0.00,153250819.27,77016141.22,3958161.96,36416720.48
2017-06-01,0.00,-10.70,3304.48,9714.42,17.09,0.34,352.98,1086.02,458.76,0.00,57.59,0.00,1403.55,474.83,39.44,350.13,0.00,0.00,3949637.09,8720992.89,1275.88,304.74,201812.58,512866.69,259535.71,0.00,35243.16,793.19,89.97,0.00,821579.63,324944567.68,794440975.08,1282229.38,47375.42,40361076.75,100526780.37,48082747.53,0.00,4372906.39,0.00,147123011.98,44643883.45,3197950.48,28841818.11
2017-07-01,0.00,-34.16,2830.58,10088.90,57.40,0.54,455.58,846.88,415.44,0.00,63.87,0.00,1423.91,1335.05,45.08,421.21,0.00,0.00,3368883.87,9089841.83,5406.76,741.26,257102.64,395025.60,246383.52,0.00,39237.03,746.65,99.16,0.00,2558512.85,331897007.25,871126122.39,4457276.84,72422.49,59257767.57,83264076.77,52970875.11,0.00,4978360.63,0.00,172790532.89,135993683.18,3824812.15,36050241.07
2017-08-01,0.00,-22.47,3272.35,9323.13,53.75,5.25,384.34,814.53,466.86,0.00,65.79,0.00,1487.67,1214.23,53.34,529.02,0.00,0.00,3898302.02,8373239.70,4794.92,4116.77,218710.46,350063.49,273282.33,0.00,40304.51,745.86,100.01,0.00,1799196.39,335843613.50,874110799.27,4400868.76,844207.33,48600774.74,83853974.18,56032360.81,0.00,5325294.73,0.00,161648776.10,106989631.47,5070521.98,44226462.28
2017-09-01,0.00,-15.00,2974.12,8258.71,51.20,1.32,204.98,906.21,378.74,0.00,65.13,0.00,1271.51,1461.16,57.48,624.57,0.00,0.00,3534158.88,7438971.46,4389.17,1281.98,116939.73,405649.76,217393.18,0.00,39838.96,724.05,83.77,0.00,1161050.78,238379055.99,699767885.05,4141861.99,166056.94,18225694.24,73675225.26,34751662.94,0.00,5240874.61,0.00,99999642.21,108377385.29,4875765.99,47459726.10
2017-10-01,0.00,-30.66,2866.55,8554.14,38.39,3.51,271.34,1009.23,246.64,0.00,62.82,0.00,1329.03,1011.32,59.75,637.66,0.00,0.00,3412540.42,7720689.83,3189.12,3610.86,153361.53,430336.04,146127.38,0.00,38342.03,741.50,79.16,0.00,2209084.78,209418742.80,691415585.14,3298605.47,386614.72,22006422.52,76807725.46,23704027.73,0.00,4936952.89,0.00,98222167.17,66467839.04,5048667.87,48783170.80
2017-11-01,-0.23,-22.94,2548.85,9008.91,55.47,2.77,495.22,1245.25,360.99,0.00,62.00,0.16,832.83,859.40,58.80,706.88,0.00,0.00,3031898.81,8106207.65,4917.43,2728.97,278751.92,559491.71,227874.24,0.00,37710.39,755.48,82.69,23035.97,1451472.65,242140794.21,657955186.23,3624408.26,260916.57,51894952.75,100229196.44,42230184.46,0.00,4052834.26,23263.66,85963906.41,71729887.13,4852618.57,61740682.39
2017-12-01,-3.07,-72.54,2968.35,9821.94,19.23,0.73,347.33,1188.40,294.38,0.00,63.88,2.48,754.67,975.98,68.47,795.17,0.00,0.00,3549806.94,8860973.49,598.23,632.78,196871.56,537314.02,172224.00,0.00,38915.94,775.44,80.51,239673.62,4640639.42,250535946.88,742643547.69,1400657.21,76835.72,33508035.46,96176839.21,30236840.55,0.00,4567197.51,241194.77,73673956.51,75636692.73,5635489.72,66134516.38
2018-01-01,-3.67,-15.09,3253.98,10135.59,21.51,4.96,322.30,1262.87,262.93,0.00,68.06,2.94,1089.19,976.94,71.18,798.95,0.00,0.00,3880642.27,9144498.96,617.70,5314.47,182386.96,579469.87,158643.26,0.00,41587.72,766.64,107.54,338977.36,927978.66,420062740.13,785016990.99,1675542.92,8278465.00,88548306.82,140055960.01,100060043.62,0.00,5165144.13,1370879.84,173796798.51,104227619.74,6022488.47,111652067.37
2018-02-01,-4.09,-10.57,2947.40,9041.91,16.25,5.85,250.87,1044.25,201.10,0.00,60.28,3.43,937.00,964.36,64.91,668.77,0.00,0.00,3515952.70,8135880.61,428.79,6218.81,142480.33,478871.00,117885.01,0.00,36877.03,767.96,85.88,337975.01,674958.33,282971694.34,665411020.07,1227935.71,2069428.03,38398849.03,95067818.29,36316049.75,0.00,4310144.61,546607.30,99056227.06,80357972.34,5114231.88,67754367.40
2018-03-01,-3.23,-4.34,2936.13,9470.52,1.85,1.08,192.48,1170.65,134.67,0.00,68.46,2.57,1114.80,1134.15,73.66,658.26,0.00,0.00,3495236.44,8524262.74,108.88,1173.84,109176.42,537251.35,77695.59,0.00,41770.73,754.30,70.43,215035.37,237406.85,222140280.92,620730446.92,157191.27,76655.20,17638887.89,84924199.76,12404603.59,0.00,4276793.94,246161.62,88419225.04,78977484.70,5007007.28,47440661.06
2018-04-01,-4.16,-21.87,3053.17,8521.60,4.11,1.03,252.43,756.90,325.85,0.00,61.84,3.33,1403.75,872.94,80.89,559.41,0.00,0.00,3623719.98,7671541.67,203.69,1252.07,143561.46,348117.90,191731.38,0.00,37902.64,757.22,75.07,295141.42,1294832.60,228017269.34,601664320.09,290773.35,1017828.98,27977458.64,56122771.62,33664651.48,0.00,3959071.60,547066.73,115907031.11,61151142.80,6106356.12,43592420.93
2018-05-01,-5.02,-26.34,3214.90,9118.69,2.01,0.42,276.46,647.33,356.56,0.00,65.12,4.18,1510.16,1215.26,81.91,470.93,0.00,0.00,3816240.72,8215247.66,113.75,473.74,157644.84,301330.96,209866.46,0.00,39816.63,752.44,77.19,363442.61,1513605.34,253822487.57,664474653.09,161078.10,63860.38,28112234.65,47276974.32,36692959.00,0.00,4227102.28,481997.39,127584230.78,87522635.35,5791873.30,31369207.31
2018-06-01,-3.97,-47.11,3236.59,9371.39,7.89,1.89,365.60,668.17,407.85,0.00,63.08,3.27,1939.74,1051.07,83.05,430.52,0.00,0.00,3861114.89,8448411.34,316.46,1838.38,208340.35,304278.81,242663.49,0.00,38470.92,745.51,95.87,320617.83,2949567.53,304186378.26,850260710.55,671538.25,371634.43,44846863.36,67967394.78,56249152.25,0.00,5005093.04,509090.49,185220442.85,87386509.56,6502801.39,32756090.67
2018-07-01,-4.07,-14.56,3298.98,9518.78,24.70,2.93,276.26,628.00,228.83,0.00,65.16,3.32,1823.36,1622.03,115.66,515.51,0.00,0.00,3945641.05,8579782.02,700.13,3602.79,158497.50,278640.73,136801.75,0.00,39681.22,725.96,76.47,145134.80,776850.98,233323321.57,704789146.71,1760886.61,3619108.35,38196075.31,67335339.03,35093420.23,0.00,4500066.95,629683.22,113877161.54,104269995.70,7535144.94,31766864.35
2018-08-01,-4.41,-36.87,3185.71,8864.12,38.99,1.00,252.37,722.69,335.17,0.00,52.58,3.62,1953.11,1636.34,161.20,656.43,0.00,0.00,3815963.61,7979037.60,1031.91,780.08,144745.79,323009.74,197527.49,0.00,32120.55,701.05,86.16,178570.64,2323958.87,251611265.34,796120069.48,3233475.43,155906.88,24813587.11,66270381.42,42296366.56,0.00,4387501.39,359730.11,115800434.85,109828912.25,11587494.39,43351474.47
2018-09-01,-3.91,-89.74,2648.85,8701.83,36.12,0.42,290.59,556.31,313.36,0.00,56.39,3.11,1492.60,1220.89,196.72,761.00,0.00,0.00,3148304.38,7830519.57,918.03,367.63,164804.17,238251.09,187825.52,0.00,34228.59,717.06,91.79,247988.97,5580116.24,244339280.30,773713919.82,2935266.56,56568.48,35354273.88,56664312.81,41596613.51,0.00,4564906.72,353118.29,117206506.49,93367894.87,14731354.99,54795621.19
2018-10-01,-4.13,-66.97,2763.96,9133.34,34.00,1.23,159.93,471.02,300.19,0.00,54.74,3.35,1069.03,1218.27,248.93,800.23,0.00,0.00,3281752.85,8207087.55,838.76,1574.96,91884.56,215840.12,177803.79,0.00,33056.08,741.94,91.51,337677.39,4137191.53,277101196.57,774257532.67,2678679.61,162929.87,18805126.26,46016295.09,36934773.53,0.00,4290376.72,434357.67,110658976.71,105601926.06,20771363.89,66169593.26
2018-11-01,-5.38,-82.82,2537.34,8914.46,24.87,1.21,208.18,610.29,263.50,0.00,53.22,4.42,1158.74,1171.79,324.65,913.85,0.00,0.00,3012789.99,8019367.60,679.00,1358.10,119180.61,273111.25,152720.55,0.00,32165.38,721.28,93.02,460066.14,5540514.14,248568783.15,791402310.95,2250799.34,116408.69,23215196.95,62414533.88,31478290.25,0.00,4722723.24,510074.79,109387654.76,102822963.48,28149520.08,78874374.56
2018-12-01,-4.70,-67.52,2921.52,9488.80,19.75,1.85,218.01,608.44,195.20,0.00,41.02,3.97,1214.97,1228.91,368.47,975.59,0.00,0.00,3462315.54,8547530.48,581.20,1901.64,124526.05,272521.22,115442.61,0.00,25088.98,729.04,88.73,332991.59,4107426.95,267562433.23,792515424.38,1703189.52,481707.25,27231730.79,60553401.11,27098619.06,0.00,3147934.15,455935.77,105893880.00,100988494.87,33072432.33,89707920.92
2019-01-01,-5.35,-105.19,2971.19,10303.61,17.71,3.68,411.97,962.05,558.42,0.00,63.15,4.16,1151.67,1135.05,370.71,1035.39,0.00,0.00,3533620.76,9282377.96,457.45,3964.25,232994.26,424370.58,340226.47,0.00,38461.34,733.99,185.08,664672.77,7562964.35,695926853.29,1140520059.05,1806340.33,27591306.09,219972335.06,172111822.58,307494954.51,0.00,5945686.20,3310400.17,386842116.44,186732886.52,65393629.68,189146276.58
2019-02-01,-4.64,-71.11,2771.89,8711.17,18.54,2.47,205.32,1047.32,292.60,0.00,54.52,3.60,745.17,1205.60,342.44,869.11,0.00,0.00,3302058.00,7853185.29,521.33,2657.65,116622.70,469703.11,172602.71,0.00,33195.58,737.96,100.20,385309.99,4716337.98,307800964.42,772322692.74,1604589.60,398941.89,30482800.51,109991158.73,43408083.74,0.00,4569714.44,488308.80,101714225.84,114010143.03,32729718.86,88378131.35
2019-03-01,-6.21,-52.48,3231.87,9347.22,18.46,1.51,271.18,1143.83,274.73,0.00,61.50,5.04,808.95,1169.34,347.78,834.38,0.00,0.00,3845117.27,8435922.70,468.63,1655.41,153288.21,506967.46,163338.74,0.00,37678.15,752.96,109.19,515643.79,3263002.92,429682741.33,803566768.97,1485378.08,4026322.28,57476865.29,123254589.84,68874136.34,0.00,4979663.49,1524306.13,135976316.74,114954370.69,37498590.69,97520953.03
2019-04-01,-5.95,-40.03,2595.70,8714.01,5.61,1.90,287.47,612.52,176.01,0.00,64.62,4.67,921.38,1232.57,346.94,716.05,0.00,0.00,3092261.49,7814512.48,266.88,2016.18,161532.84,289739.21,105458.45,0.00,39467.30,735.94,84.19,493407.64,2281595.08,254373166.11,653468748.70,415343.00,235002.46,32137149.15,54567589.08,19374797.08,0.00,4421974.25,496531.66,97449849.86,101289426.95,25217898.82,54502831.52
2019-05-01,-6.55,-35.43,2679.82,9143.14,0.11,2.86,361.57,708.93,340.84,0.00,69.76,5.17,1284.25,1478.57,299.43,588.42,0.00,0.00,3222749.37,8223556.94,35.17,3018.55,205411.09,340258.17,196568.31,0.00,42531.24,723.02,83.52,463587.80,1999959.56,244697424.59,710442441.11,62175.54,316919.21,35932507.80,60325408.08,36152966.60,0.00,5073703.92,519164.89,122715991.92,117600249.00,20490013.99,41104081.94
2019-06-01,-7.15,-44.84,2978.58,9088.37,18.40,5.17,382.92,802.70,332.87,0.00,67.55,5.89,1636.51,1315.96,296.19,501.55,0.00,0.00,3566142.76,8210498.47,400.97,5118.03,217828.22,355749.81,200393.08,0.00,41167.50,724.79,97.09,577137.97,2783000.23,303521523.77,819973646.80,1467213.41,881098.45,46225301.82,80542133.37,48991433.84,0.00,5702396.21,770612.28,184440489.96,106643870.41,22311517.75,37817192.12
2019-07-01,-7.37,-77.03,2780.22,9348.24,27.96,1.79,373.25,841.25,323.05,0.00,69.56,5.88,1547.27,1731.04,358.52,617.16,0.00,0.00,3307312.43,8429953.95,751.94,1838.32,210720.42,358435.45,189989.99,0.00,42353.50,699.04,76.67,309500.37,4025885.90,236858933.48,665310845.28,1895112.53,151240.73,36647030.39,67186459.18,34067636.99,0.00,4610757.93,597218.43,129454456.06,117803306.22,20773667.78,34628846.67
2019-08-01,-8.65,-85.51,2614.33,9012.59,36.65,1.95,426.60,930.68,423.77,0.00,67.10,7.11,1462.44,1703.66,449.24,797.36,0.00,0.00,3113863.32,8162265.97,929.35,1908.69,240275.17,389559.15,258018.41,0.00,40940.04,684.32,87.83,487382.59,4098178.64,276158329.57,692198114.66,2302464.38,215372.25,50990461.28,84015828.35,59226414.50,0.00,4155315.72,1043022.19,144418595.23,119412545.38,22432532.74,36718737.39
2019-09-01,-8.07,-52.54,2378.82,7925.47,31.78,1.39,416.49,812.63,418.56,0.00,61.77,6.60,1208.46,1453.93,480.89,965.15,0.00,0.00,2839244.86,7174992.76,817.48,1257.35,234428.86,356967.87,257023.71,0.00,37572.52,677.11,88.99,473519.59,2792713.79,248191134.39,639310005.75,2049043.56,280501.51,48006015.88,71128723.99,57906175.77,0.00,3710052.95,792249.73,103279315.32,103846944.45,24775541.01,45908384.77
2019-10-01,-7.56,-74.11,2658.72,7951.10,21.19,2.04,387.26,892.98,394.89,1.26,59.28,6.21,971.75,1404.89,523.73,1135.74,0.00,0.00,3153210.58,7214239.11,568.36,1840.08,216643.13,388526.27,233098.03,743.42,36085.24,688.63,95.21,329250.98,4704335.46,269401623.45,705425219.65,1659527.43,352735.82,42193581.53,82033058.12,48434744.67,68929.45,4480265.06,636425.13,109848404.74,102400927.78,36565354.25,76665005.35
2019-11-01,-7.68,-53.31,2663.50,8160.48,22.38,1.40,185.93,678.44,211.39,10.01,52.07,6.26,999.27,1590.73,616.18,1225.88,0.00,0.00,3153989.67,7376889.41,560.63,1271.15,106240.31,300226.99,122434.02,5904.28,31638.48,678.31,67.76,272699.46,2471462.39,180981698.79,547308793.14,1446619.78,128681.92,12879721.78,47513445.99,18224508.58,428644.49,3215341.35,382904.24,72870258.64,93318312.39,33130675.53,59322621.44
2019-12-01,-8.11,-30.46,2937.15,9082.35,18.58,1.32,188.45,615.21,206.57,47.80,61.94,6.73,992.86,1512.77,682.34,1368.35,0.00,0.00,3507361.92,8197214.75,562.75,1474.52,107082.04,280376.92,125162.51,28187.63,37814.09,694.71,63.68,392703.52,1283651.98,182825225.13,496399098.35,1086942.82,3121583.34,34039240.73,51923009.56,36495536.29,3931121.06,3389370.04,1526913.49,69156526.16,88253278.89,36587644.21,75835849.16
2020-01-01,-7.36,-47.12,3109.18,9512.58,11.06,1.92,180.18,856.27,230.48,35.31,59.86,6.09,1074.44,1431.45,568.58,1218.27,0.00,0.00,3713823.36,8576155.69,286.35,1848.45,102349.55,377751.20,138695.03,20824.79,36546.88,710.93,156.87,589485.94,2429210.01,464152399.22,1179756563.29,689528.52,5961552.27,57969345.52,112571519.94,188222669.47,6945618.80,3982274.70,2021028.05,275757656.91,128067282.70,70457814.75,155294344.95
2020-02-01,-4.96,-54.56,2884.47,8541.23,18.83,3.71,187.00,843.78,346.81,15.05,50.40,3.80,1049.23,1212.45,528.40,1031.62,0.00,0.00,3449644.31,7707059.91,384.83,3769.72,107377.20,366660.21,200143.95,8873.74,30491.47,712.87,57.24,104700.06,2677806.58,139532564.98,491294004.09,1028921.12,1159032.41,16058360.17,55750257.83,25304213.21,1191074.47,2706793.05,228864.00,55791669.19,55620481.69,29396698.92,53735030.80
2020-03-01,-6.20,-30.98,2903.09,8208.20,3.09,0.28,170.45,934.78,169.77,28.36,60.42,4.88,1068.16,1532.04,550.26,1093.93,0.00,0.00,3454117.38,7403902.33,71.34,435.41,96987.93,412307.88,97529.70,16725.75,36806.73,690.15,44.80,172167.68,894546.99,124169482.91,367387938.42,190297.69,51446.53,9146060.21,42753693.70,10508693.51,1753916.20,2483211.92,221044.10,45101289.12,58726387.84,20999174.47,46214809.59
2020-04-01,-6.65,-39.38,2774.57,7606.62,0.48,0.10,180.13,730.56,54.05,23.89,61.80,5.14,1228.37,1448.64,483.78,902.86,0.00,0.00,3298343.41,6822970.41,44.47,221.48,102331.90,326502.22,33310.45,14085.44,37735.05,688.16,38.30,163493.36,698420.33,95751367.57,305235764.59,34588.50,9172.86,8807477.02,30761567.86,3331014.26,1471879.86,2289095.22,204127.89,38450805.21,39590666.36,13895354.58,24646812.57
2020-05-01,-7.39,-40.53,2828.13,8310.93,-0.52,0.11,196.77,848.24,135.93,37.93,60.52,5.72,1479.79,1728.95,432.76,783.02,0.00,0.00,3341046.33,7466806.52,1.00,163.39,111863.36,373382.24,81951.74,22369.29,36828.88,680.60,39.29,217105.50,371941.80,106930068.81,320984698.44,3033.01,6620.27,10277097.90,35672136.14,8357122.02,2154622.25,1941619.13,251530.89,61649866.79,55914145.22,11551348.48,17539461.31
2020-06-01,-7.75,-41.28,3195.87,8521.25,13.94,0.46,193.17,1055.18,206.53,43.65,57.37,6.24,1527.47,1492.89,370.61,679.11,0.00,0.00,3799762.23,7648287.28,290.49,517.55,110501.30,456930.07,124034.79,25741.64,34821.00,704.65,46.95,287750.13,1026221.95,159323675.41,371152191.29,453463.75,159064.38,14906653.82,50149839.48,16997072.89,3595902.53,1902445.90,601448.73,75590763.75,54104165.11,11304274.29,21800764.67
2020-07-01,-7.03,-35.70,2866.18,9227.39,14.66,0.21,345.23,1133.19,376.58,71.57,65.41,5.42,1541.34,1389.74,440.04,733.23,0.00,0.00,3404664.36,8280485.92,334.05,268.96,197046.07,489252.46,225816.38,42207.71,39836.34,697.95,52.74,330536.21,771297.40,181301010.58,419623106.89,607316.24,20073.92,25608849.91,60140125.01,28563911.18,5269931.31,2499676.79,456019.47,100991466.52,64933299.71,15718267.82,27128814.50
2020-08-01,-7.24,-47.63,2932.10,8608.47,21.92,0.58,244.81,803.36,268.86,51.93,57.40,5.75,1221.90,1991.26,493.84,978.93,0.00,0.00,3455826.32,7697388.42,591.31,704.01,139964.83,351234.06,162148.97,30624.55,35188.32,673.64,48.91,200498.79,379075.36,158097187.28,372609124.86,703566.35,34371.82,15950634.62,39771204.03,20252793.83,3703533.78,1810869.99,436698.67,77808582.34,84849607.83,12209649.51,24323984.09
2020-09-01,-11.68,-51.81,2674.32,7513.70,31.47,0.34,130.74,436.15,127.62,32.19,56.71,9.71,1047.54,2060.42,586.02,1148.27,0.00,0.00,3175950.46,6725499.08,792.52,340.43,74899.96,194021.64,76791.13,18980.40,34536.12,652.36,36.10,-78310.80,449103.51,93331374.05,273957106.47,909618.69,16812.02,4209426.48,13325030.53,7680614.43,1642694.70,1605890.04,252344.00,45225185.28,54919984.14,10647080.34,15185763.66
2020-10-01,-11.96,-47.53,2486.23,7606.98,30.71,0.59,73.32,772.76,150.19,17.92,55.45,10.15,1205.12,1762.67,646.99,1328.45,0.00,0.00,2971569.72,6841067.49,781.37,712.89,41910.63,337798.70,90275.77,10569.85,33782.38,642.00,48.31,112954.51,913437.19,113540751.47,361927615.93,1136261.33,40580.55,2809760.57,38008068.09,12913047.47,1520562.53,1990708.04,646884.76,68271797.01,60489092.94,21748130.01,40672294.66
2020-11-01,-11.07,-53.72,2629.02,7910.00,25.83,0.92,113.87,613.56,130.04,25.37,45.47,9.49,951.76,1713.48,793.31,1593.22,0.00,0.00,3104555.24,7140416.59,616.69,954.00,64724.64,271712.65,78336.18,14962.19,27497.09,649.08,57.19,168790.10,1474618.68,117930030.68,459916535.10,1236399.48,81692.89,6093400.02,35784191.15,12104174.23,1817514.52,2098163.96,546802.66,74376076.27,73253185.51,39468730.85,72070651.85
2020-12-01,-15.48,-56.74,2950.83,8118.84,11.65,4.19,104.87,619.60,128.14,7.04,50.08,13.04,919.86,1909.95,807.27,1551.85,0.00,0.00,3505680.43,7283662.32,313.87,4339.46,59842.89,277629.60,76810.53,4149.26,30350.55,656.51,57.14,817.72,1996675.37,77675141.85,530177767.83,676578.33,626661.30,3199856.57,39220536.75,17709078.47,485714.07,2755598.35,365020.50,78127761.01,50611711.24,43736542.27,68511601.76
2021-01-01,-14.05,-26.77,3100.65,8249.49,11.20,1.84,114.74,613.37,63.16,13.03,51.29,11.50,1026.79,1863.48,811.83,1590.35,0.00,0.00,3702980.81,7403081.98,258.38,2008.16,65669.02,269999.99,38616.45,7686.10,31163.76,659.05,38.02,108663.57,746929.54,75784827.55,338599441.07,473882.06,684500.76,6913750.70,27408793.94,5808160.19,1674955.63,2008492.53,553757.50,45181880.99,50430756.04,24332785.66,42607938.14
2021-02-01,-8.53,-10.42,2947.62,7506.94,14.62,1.56,101.16,516.70,61.12,7.33,38.28,6.90,979.44,1573.46,750.31,1346.66,0.00,0.00,3516527.88,6730574.42,336.62,1712.80,58229.07,232826.77,37192.57,4322.26,23164.94,669.79,35.57,-55567.34,311878.03,68925624.85,297030889.33,590832.00,363694.38,4290435.65,23320490.35,5016076.49,555672.65,1638617.94,253675.30,36266460.69,39726154.77,21392461.85,31823109.07
2021-03-01,-9.54,-28.70,3131.24,8015.14,1.79,2.77,106.28,559.80,106.03,30.83,41.79,7.71,1223.32,1700.43,746.42,1261.69,0.00,0.00,3727398.09,7204437.20,118.68,3014.02,61176.32,252811.18,63410.56,18183.27,25315.61,672.06,43.85,271938.96,682362.37,95914003.97,355346726.89,101959.47,6512847.93,11410650.02,39460294.30,21968376.29,2005633.23,1964620.08,1132696.66,46940195.65,56482977.45,22355543.94,28731114.22
2021-04-01,-11.77,-54.23,2744.47,7819.32,0.88,2.11,143.54,475.98,150.54,42.55,49.99,9.37,1312.62,1481.62,678.24,1115.78,0.00,0.00,3256187.31,6993361.06,62.41,2264.16,82647.65,217974.39,97209.81,25091.05,30240.87,670.70,57.07,373834.11,1136336.63,136746830.58,460813851.91,71259.44,391460.34,11572016.39,36136501.77,20751560.16,4225623.69,2657326.36,890957.65,68015376.23,53109434.67,22347118.65,30627898.71
2021-05-01,-12.80,-53.61,2920.00,8266.20,0.84,19.82,156.93,536.17,305.34,33.35,53.41,10.24,1493.79,1834.74,607.15,906.50,0.00,0.00,3468421.89,7407897.79,62.42,20695.38,90360.05,249988.69,193840.94,19664.57,32355.51,672.40,111.88,399232.59,1291050.90,203956616.60,959185250.71,86479.54,14509443.94,18385838.53,76736192.40,107107274.14,5965226.78,6854581.97,1922569.22,195738444.59,97884447.67,28695539.67,38529210.35
2021-06-01,-12.93,-89.85,2736.73,8297.71,14.90,14.87,323.87,927.09,504.97,45.69,48.32,10.37,1710.65,1919.66,445.54,770.87,0.00,0.00,3214265.73,7434236.97,338.88,15544.63,182054.02,408400.82,313215.93,26940.74,29068.03,657.90,168.19,740853.34,4382419.76,234479467.64,1566004849.02,2912937.92,11526734.27,37057529.92,218446161.77,189859593.75,5566448.27,11010517.04,1286530.70,264235639.11,164171237.71,36035340.70,56681600.05
2021-07-01,-14.58,-146.53,3165.39,8753.63,25.98,33.19,209.68,724.90,364.03,41.11,39.09,11.92,1540.26,2472.71,517.19,904.12,0.00,0.00,3767342.77,7882882.40,567.81,34773.00,119229.56,320752.33,215887.73,24240.28,23519.62,664.58,126.20,761144.05,7438778.72,298411850.63,1196300117.42,3743520.18,14956325.24,34762400.87,125681820.35,102101954.76,7706941.33,5406149.47,1742003.68,176932343.30,169119110.10,37315727.86,60072601.77
2021-08-01,-14.03,-59.04,2678.90,8201.76,32.88,3.25,178.77,640.87,213.57,32.98,40.48,11.28,1426.66,2233.58,664.58,1214.82,0.00,0.00,3186058.86,7371455.50,826.75,3568.29,101503.22,285090.58,127188.12,19450.32,24230.64,635.34,57.37,142669.77,786047.09,134402090.81,509008140.05,1871208.24,412543.27,14836187.07,43520996.62,23949007.43,3521796.12,2198677.61,918339.56,63016175.37,84883107.86,17476753.95,18746238.49
2021-09-01,-11.40,-67.39,2369.65,7264.11,20.93,3.50,96.99,540.02,99.08,16.72,39.84,9.11,1338.68,2148.43,755.13,1487.16,0.00,0.00,2812305.43,6509397.93,543.29,3836.73,55368.04,233299.21,60137.44,9861.03,23719.98,602.62,46.73,-139379.72,-195510.19,77694586.76,404267895.63,1353730.91,451905.19,4481553.33,31479922.79,10308480.73,1677326.86,2145452.61,503870.30,49182879.44,54465840.09,14399845.90,7997337.62
2021-10-01,-14.13,-68.89,2591.48,7191.70,27.54,8.04,75.30,474.28,120.83,11.02,42.82,11.45,1343.34,1919.74,892.66,1783.73,0.00,0.00,3062033.39,6459289.39,708.85,8579.13,43066.44,216128.95,74254.29,6497.04,25818.75,603.04,52.11,-204295.90,-518854.37,61350860.64,485727812.29,2066833.74,1422897.85,2303866.70,30122671.68,14444932.22,1116742.09,2967451.68,693581.48,51178954.94,47820764.62,23502717.96,12612169.79
2021-11-01,-20.86,-53.22,2388.11,7404.40,18.49,2.53,70.50,452.57,115.82,12.31,44.43,16.38,1340.64,1928.97,738.98,1673.54,0.00,0.00,2818639.06,6659809.39,480.23,2773.97,40432.66,206493.40,70760.90,7258.62,26996.57,609.51,70.03,253603.94,1902241.04,93453042.06,622869867.32,1955251.47,558800.88,3166360.59,41964130.13,20681486.98,1239343.45,4421027.81,955425.82,74814445.66,71119228.79,45046347.44,76892400.33
2021-12-01,-17.54,-72.86,2738.27,7509.30,12.06,5.90,66.29,557.70,96.12,13.72,47.31,12.54,1069.44,1886.39,1215.20,2114.03,0.00,0.00,3236964.31,6756736.87,317.71,6361.10,37805.84,248795.91,59961.97,8091.75,28727.13,601.82,90.32,368001.70,2983270.27,102822817.62,785544667.76,1536998.86,10027496.30,9259784.19,101233315.05,41681237.12,4878494.34,6073867.75,2064007.86,94734935.97,83703587.94,63420820.96,90693711.01
2022-01-01,-19.89,-87.48,3065.88,8049.22,12.29,3.68,113.86,660.15,184.19,13.15,41.16,12.98,1190.91,2019.09,1152.18,1924.00,0.00,0.00,3645601.65,7254463.08,255.61,4027.49,64070.54,289679.77,113179.47,7753.67,24873.53,621.96,102.64,887455.34,6779556.20,195479007.24,895238761.97,1621649.27,5467447.45,21924748.53,101790720.05,62175189.59,4910189.47,5654536.27,2916104.36,128832023.67,119884304.18,93173417.10,161471617.56
2022-02-01,-27.46,-78.16,2459.18,7107.81,6.42,3.01,97.75,578.41,168.32,4.42,38.98,13.81,1000.91,1911.06,1075.51,1729.53,0.00,0.00,2895083.50,6396981.33,138.08,3240.33,54605.75,252820.96,103493.84,2606.37,23686.12,604.91,111.78,1043229.75,4967192.08,144445357.37,909074703.72,1384790.30,10587072.90,7781694.58,102959432.94,71185739.95,522869.96,5933086.73,1211756.30,116436654.23,119269993.38,87054340.57,142558991.20
2022-03-01,-31.41,-57.96,2998.41,7808.11,-0.50,1.77,96.38,755.28,208.02,16.84,35.56,16.77,1132.06,1868.45,1019.98,1604.94,0.00,0.00,3570008.42,7007674.24,0.00,1987.18,54295.81,325445.67,127370.97,9929.75,21275.64,636.31,112.13,1379170.39,4732525.82,181014241.52,1027114572.68,0.00,4993226.87,9619678.76,115621998.73,67572364.58,2855848.27,4881281.91,1994788.92,129424989.63,118256272.16,80407050.41,112636366.06
2022-04-01,-41.69,-105.70,2579.83,7222.43,-0.44,4.30,255.44,450.33,384.05,45.99,45.77,25.14,1109.82,1816.31,776.26,1267.62,0.00,0.00,3049170.27,6468759.50,0.00,4720.11,142031.28,209675.59,238689.96,27119.94,27897.35,642.11,192.04,4296981.02,11272481.66,371394059.96,1520010248.77,0.00,2992629.02,51041812.76,102769654.66,104013253.32,10269729.36,9908471.52,5892240.44,219571955.78,261841115.01,100863805.24,160350116.74
2022-05-01,-40.66,-160.87,2843.47,7468.01,-0.56,19.62,173.71,891.13,493.27,41.82,49.53,29.08,1894.35,1980.69,671.33,953.72,0.00,0.00,3382859.17,6697845.16,0.00,21847.50,97494.94,389116.37,324569.23,24663.77,30155.66,633.74,317.08,6733872.91,37008905.62,676981176.29,2554322985.68,0.00,19959845.15,51728579.54,334301491.84,225777094.68,13259732.84,17263840.01,14661637.06,598331267.11,480254183.58,151229836.10,202030231.75
2022-06-01,-34.47,-176.39,2667.19,7622.04,5.73,32.21,235.08,1002.13,678.08,52.53,46.97,27.26,1885.32,2574.31,600.65,939.31,0.00,0.00,3165782.47,6837715.32,125.40,33784.97,131915.93,436864.41,421324.81,30975.76,28696.95,610.60,383.89,7147901.19,44898623.02,797690142.19,3134743185.06,1840216.50,15189522.74,92589405.13,431497508.72,331068702.44,22790171.34,18998684.49,15301681.32,756427314.70,742427429.05,156722733.58,234746785.98
2022-07-01,-40.03,-177.57,2760.28,8516.72,3.94,12.29,244.69,903.93,603.48,51.78,46.38,33.86,1760.20,2416.36,747.33,1025.20,0.00,0.00,3278136.43,7625735.43,89.65,9569.73,137856.51,393512.37,377767.78,30534.59,28387.02,628.36,392.38,8230251.34,36362993.87,939841309.68,3366382876.22,1259943.58,10065074.66,125170142.09,443796471.16,357086937.19,27347326.81,18382590.16,17837996.75,733913811.92,690006850.95,178752907.33,214635861.68
2022-08-01,-38.45,-128.94,2561.14,8138.58,25.17,1.53,166.22,545.04,380.54,43.26,43.27,31.79,1491.56,2752.31,802.59,1301.51,0.00,0.00,3050146.63,7298507.44,509.43,1374.44,93285.28,245239.71,230349.01,25508.58,26580.82,605.59,150.90,2396838.50,4662158.87,326469919.86,1241539328.49,3577580.26,2411075.85,40474893.32,110253507.05,106512397.95,15035279.60,6047911.41,8856232.70,270382712.83,275199516.45,62135692.45,78649761.86
2022-09-01,-33.39,-148.09,2591.50,7247.01,25.84,2.60,114.51,450.55,206.28,33.96,28.93,27.61,1445.41,2224.36,915.28,1533.83,0.00,0.00,3080518.92,6528565.90,523.17,2912.89,64498.40,201331.06,125670.52,20023.64,18246.46,602.56,154.06,1660924.55,5042190.01,310151787.76,1203139701.39,4291613.48,2231618.78,22080170.77,88352266.42,52276006.15,8380776.81,4655658.45,6814803.63,242779583.77,249150977.45,71793229.47,94445470.28
2022-10-01,-30.95,-84.77,2538.12,7191.92,22.98,0.48,99.32,450.55,180.82,28.82,42.49,25.07,1306.70,2137.28,962.50,1762.41,0.00,0.00,3013965.91,6492515.80,490.63,509.34,56171.64,203185.11,109542.65,16995.59,26297.68,596.36,144.41,1087490.79,5782495.40,277976763.57,1160885014.05,3601749.80,88417.76,14746216.88,80562497.09,36966486.61,5773767.40,6695764.15,4693289.85,201489935.45,216151445.67,83809976.58,129221096.00
2022-11-01,-22.37,-108.83,2231.88,6473.14,30.85,2.02,72.36,400.13,135.69,21.49,42.81,17.72,1355.35,2072.07,1205.78,2231.07,0.00,0.00,2648951.99,5848674.84,779.65,2716.09,41456.97,183719.65,84175.37,12673.44,26479.79,547.59,107.97,487383.78,3012803.29,147961281.66,830779374.77,3854276.07,506619.55,6840522.25,57335374.48,26824278.92,4656698.56,5277851.83,2524897.57,181241436.08,132275816.54,69721503.51,89161636.45
2022-12-01,-19.73,-142.34,2665.46,6680.27,19.58,0.51,66.90,319.80,89.78,5.52,42.11,15.30,1068.63,2163.86,1462.42,2464.90,0.00,0.00,3157349.85,6022769.00,529.50,540.38,37982.66,150321.73,54939.24,3256.52,26195.38,559.30,76.44,-62048.27,121865.22,107018534.76,621672478.84,1926543.21,70985.97,3726050.32,38368035.94,13038232.07,811059.08,3654616.48,1660594.41,103084609.58,105365155.88,41878381.69,32277495.08
2023-01-01,-19.88,-99.67,2882.90,7410.62,7.05,2.81,69.74,483.35,112.07,8.92,43.81,14.48,1144.23,2049.46,1417.72,2340.07,0.00,0.00,3436439.11,6669791.49,294.67,3740.59,39341.67,217430.12,67862.75,5258.12,27080.71,585.82,90.33,338363.63,3986594.79,164942423.57,764437576.11,778596.55,341788.93,5185024.41,62417568.90,20595359.96,1738541.51,4389836.26,1664057.58,124668661.10,124525482.04,83455188.39,111648077.36
2023-02-01,-20.87,-89.46,2410.35,7303.37,2.90,4.47,72.98,416.43,90.81,7.92,42.33,16.86,903.62,2033.28,1346.77,2109.86,0.00,0.00,2855125.85,6570939.83,144.21,4775.74,41127.95,192162.16,57339.80,4669.35,26244.88,585.68,92.23,478451.87,2703183.14,160505183.74,695633643.42,313387.33,3909737.55,13475316.86,62813903.43,30466540.29,4894154.53,3803949.14,3199303.58,99280090.21,138017237.64,78006860.43,99200451.88
2023-03-01,-22.34,-81.60,2598.98,7951.56,0.38,2.73,76.73,764.20,160.51,9.89,45.97,17.02,1164.13,2010.20,1195.70,1955.55,0.00,0.00,3092562.58,7150999.47,26.16,2832.76,42884.32,331304.96,100317.14,5830.30,28517.21,602.55,113.73,760734.14,3995408.34,179191425.29,1021914397.10,54547.15,4643633.67,7867437.34,115590976.19,58696499.78,1532685.99,5719660.86,3225588.95,155895484.61,133441347.00,81578624.87,95349185.06
2023-04-01,-27.68,-121.43,2538.78,6867.43,-0.31,4.31,56.48,571.79,204.65,15.44,38.48,22.89,1193.08,1907.88,1073.28,1593.16,0.00,0.00,3018786.21,6154986.84,0.03,4664.49,31377.41,249355.98,127975.94,9105.71,23880.21,603.59,109.22,1188449.13,3262469.94,229379482.65,824498983.60,68.13,1131599.47,8287662.48,79270968.32,43104182.40,3143808.21,4384039.60,3679117.71,135267996.94,130742195.31,57430471.54,67966536.32
2023-05-01,-37.93,-111.55,2991.33,7532.61,0.00,5.48,70.09,862.54,349.75,37.78,35.72,31.15,1534.47,2256.63,963.61,1413.37,0.00,0.00,3568976.50,6748694.59,11.70,5752.16,39759.22,376805.92,213722.42,22280.85,22411.15,613.24,180.12,3204250.75,6617076.77,391752679.06,1478669768.99,257114.78,4127232.31,17473957.78,217499782.72,133362828.37,10301594.36,6013863.80,9817373.37,273548793.28,261206873.55,76052567.58,104573469.48
2023-06-01,-38.50,-81.69,2725.91,7706.79,19.00,5.59,79.24,631.38,196.10,24.79,40.12,31.26,1568.11,3072.36,769.36,1132.28,0.00,0.00,3250235.35,6890536.10,385.99,5671.43,44815.56,278290.62,125715.21,14619.71,25069.69,594.75,96.70,1346951.17,3079508.52,168966021.15,870478942.20,2093818.48,2329757.10,12570866.54,98201741.86,45314533.56,5437086.68,4100833.21,4443932.70,143008497.54,149339060.67,37329870.96,48839114.60
2023-07-01,-42.30,-86.79,2848.31,7844.61,6.96,0.64,65.15,628.71,193.15,27.04,37.75,34.78,1708.39,2871.38,911.63,1268.35,0.00,0.00,3382645.56,7010228.68,153.32,766.07,36920.29,277657.78,118503.26,15943.40,23481.27,593.21,79.21,1032899.81,1285962.14,179005274.10,712292028.48,727391.96,130213.74,9826270.56,76869300.55,31096015.72,4853312.86,2922449.66,4710384.92,118327495.07,114613792.15,26119690.97,26793590.32
2023-08-01,-48.61,-115.18,2983.65,7177.15,43.85,4.21,54.56,649.68,231.35,30.77,45.99,39.97,1617.46,2251.78,1160.48,1617.74,0.00,0.00,3536291.75,6436614.13,1222.24,4766.74,31186.89,280407.48,141220.10,18147.92,28648.15,590.51,92.58,1515349.31,-272246.33,213622771.22,662622288.43,3562349.52,4064892.84,11192831.96,118496854.63,78851420.65,11346793.10,3227993.10,9461078.93,147885038.61,115620042.82,25279030.33,22431255.07
2023-09-01,-51.51,-169.28,2403.91,6436.23,41.26,0.22,42.34,362.08,134.30,12.28,44.44,41.94,1207.19,2250.39,1303.45,2181.30,0.00,0.00,2839961.17,5766862.10,1137.49,329.66,24198.47,168988.82,84808.23,7242.23,27606.52,549.31,59.10,-699723.88,-2381199.88,87447422.40,457570201.73,2640919.58,53533.05,3074608.65,34951375.46,19930311.76,1857612.15,2295283.27,4334958.68,80550740.95,73496113.79,9982782.41,-29820988.02
2023-10-01,-44.53,-154.27,2453.42,6388.75,52.72,0.24,32.41,303.74,63.75,3.21,42.27,34.67,1131.05,2598.83,1334.62,2543.45,0.00,0.00,2910688.86,5714339.29,1559.17,265.51,18660.96,145128.67,41738.73,1893.60,26292.19,527.91,40.88,-918973.50,-3999959.55,64106915.84,322618323.47,2251256.90,14037.80,309574.31,20704377.43,5946212.34,449575.32,1547511.33,2493823.08,64886214.35,59989030.78,-2614783.47,-35544489.19
2023-11-01,-45.09,-102.67,2445.03,6509.79,42.33,2.76,40.04,482.65,164.42,10.36,33.44,35.23,1098.49,2033.37,1474.03,2368.56,0.00,0.00,2898684.76,5822880.98,1185.50,2588.66,23055.54,221497.83,98194.48,6110.02,21293.11,548.16,76.25,273888.03,555815.73,108221064.87,566590396.50,3567637.67,1090816.09,2458829.81,56213557.85,32315508.87,1684043.85,2412109.87,4213514.61,109343057.20,110278816.32,49678915.08,49278384.44
2023-12-01,-44.29,-105.24,2398.69,7382.28,23.82,2.27,49.96,459.70,144.04,8.09,42.82,34.11,1019.35,2310.81,1653.57,2636.27,0.00,0.00,2834822.74,6600105.38,826.69,2408.38,28352.97,212764.34,89229.65,4773.44,26530.41,543.94,77.38,16395.86,1033268.69,87266997.53,672374239.81,1902989.26,1672284.65,3235495.28,67178315.21,31238959.37,1025273.89,3874820.92,5066278.50,90396864.63,104384713.75,68991600.06,115238112.85
2024-01-01,-46.21,-102.16,2718.28,7903.75,14.77,12.99,43.65,451.70,164.74,16.45,44.39,35.08,912.02,2264.39,1678.30,2494.70,0.00,0.00,3237045.88,7083129.00,516.39,13561.83,25135.91,211102.50,104165.67,9698.84,27447.43,575.69,110.76,117349.62,4418585.31,85617210.09,1061737935.68,1419273.28,15783914.38,2073271.37,123800458.28,86640989.84,2011916.38,7284893.10,10215272.22,119832817.59,117423916.74,98662215.28,156913313.78
2024-02-01,-49.16,-111.21,2557.73,7595.48,18.40,10.28,71.76,473.96,213.27,20.16,41.02,37.99,1016.95,2010.15,1575.75,2401.27,0.00,0.00,3025018.39,6798202.39,692.06,10715.04,40755.94,224146.57,131571.42,11888.79,25560.84,574.18,129.93,712865.98,4602219.10,176093104.98,988366920.96,2665975.83,9416154.92,16066881.25,102629317.99,121832681.84,5952469.87,4852772.53,12939154.61,225276589.59,166503574.72,114194407.52,315559246.09
2024-03-01,-53.33,-121.47,2751.05,7678.41,18.09,0.49,62.66,404.56,178.54,23.19,35.70,42.02,1006.46,2215.47,1473.20,2254.30,0.00,0.00,3264214.44,6869571.49,694.13,617.54,35785.99,180454.78,117938.82,13675.24,22564.76,584.64,74.73,867798.83,3392763.29,164522521.12,603823621.45,1466734.63,347668.52,8392083.72,45763356.17,24111661.19,3953813.20,2681993.87,5908522.86,92656804.37,134852615.29,60634263.35,122951845.51
2024-04-01,-60.02,-123.78,2591.34,7251.02,23.28,1.62,68.28,433.65,196.95,32.26,37.99,48.36,1110.39,1827.56,1204.09,1770.64,0.00,0.00,3088400.73,6493304.68,799.18,1623.22,38727.96,196055.25,120667.07,19020.92,24183.56,608.20,93.54,2116420.80,2387239.29,227119048.40,698060493.52,2212505.60,327355.50,8864450.08,55974799.39,30497478.51,5124081.07,3253013.61,7665589.58,111618169.20,138850627.21,46959163.96,61698562.09
2024-05-01,-70.23,-158.87,2950.53,8011.82,19.64,4.32,146.49,488.58,520.91,47.78,50.83,56.19,1162.38,2011.11,1003.76,1482.20,0.00,0.00,3482873.94,7149346.50,570.26,4202.12,81466.86,220489.05,317921.49,28175.81,31573.95,638.37,189.48,5627480.29,5678862.57,409026098.86,1462217193.21,5281285.70,4612151.48,28123881.67,105826509.91,195538622.98,9648000.59,4707253.50,19087031.32,389755982.67,259089285.63,77717096.45,95009230.11
2024-06-01,-69.88,-162.12,3077.78,8449.64,28.91,11.44,193.38,801.05,630.95,47.63,45.32,56.77,1236.39,1964.64,887.35,1247.77,0.00,0.00,3640433.03,7565904.00,839.41,11875.27,108737.54,371333.06,392718.52,28088.34,27940.91,658.53,163.34,7293062.44,6036348.78,516952604.99,1260707551.23,4389865.39,4084737.73,46460297.66,162570384.37,159903421.87,11559068.36,5718387.05,13638572.55,266588705.49,235554362.56,67142899.62,91843153.20
2024-07-01,-80.83,-162.85,3107.36,8302.39,36.05,2.54,236.92,759.73,471.58,42.11,34.38,65.50,1263.86,2923.71,971.02,1453.63,0.00,0.00,3691291.19,7433656.67,985.44,2798.87,132682.06,362780.54,290197.89,24834.07,21063.70,615.65,157.10,6375895.41,5389149.49,475569932.66,1130590563.26,4656971.86,6369032.01,72454753.07,188081759.22,170130273.09,15356576.24,4224191.00,22516768.12,288566783.87,319916391.10,56552121.36,79662214.58
2024-08-01,-81.93,-188.24,2594.17,7358.70,37.01,1.94,113.08,637.41,392.52,33.65,38.56,64.63,1115.19,2934.99,1118.30,1836.45,209.07,176.30,3099949.23,6568665.47,1185.10,1945.01,64659.88,305545.25,239573.70,19842.02,23783.02,573.41,184.28,3764909.32,2804532.32,433719837.84,1343521104.33,6345649.51,3772003.89,24722918.29,166535850.41,215826186.16,12607982.46,4805341.30,37244198.48,335279682.48,198182416.54,56684183.36,48006706.80
2024-09-01,-65.90,-206.44,2473.50,6178.95,54.44,1.31,60.65,287.41,150.31,9.31,28.15,51.16,1160.57,3070.77,1137.29,2301.78,347.07,419.69,2943033.65,5497681.49,1546.57,1429.07,34875.17,141662.66,97723.18,5489.37,17495.84,523.62,56.45,-514366.30,-4708259.99,70833299.58,420587360.96,3106333.47,1807011.87,4105771.32,32095164.76,39090903.78,1485750.58,1346962.37,9244682.19,72184488.21,77582775.21,-5622481.34,-40262004.09
2024-10-01,-91.99,-160.83,2143.20,6327.28,52.97,4.79,51.23,259.61,110.21,15.62,28.13,68.95,1260.72,2514.46,1449.50,2842.14,284.58,474.00,2550214.97,5619293.42,1512.43,3417.05,29496.45,131822.49,72786.49,9211.27,17308.70,499.83,70.82,-275589.70,-2659431.28,77103864.85,564100117.92,4191556.30,1005012.93,1987364.15,32443153.03,20070155.30,2642603.47,2034946.45,7549006.27,112683699.59,103313888.18,21603812.73,15513057.25
2024-11-01,-85.85,-189.98,2245.36,6486.39,50.55,8.71,88.61,449.50,282.53,31.29,31.11,65.60,1285.26,2201.35,1568.18,2796.28,230.12,285.31,2665697.84,5792207.68,1430.21,8729.67,50718.58,213749.57,174796.99,18449.95,19214.13,516.61,189.18,3017194.60,7764664.11,176613156.79,1432842276.61,9684284.86,16505489.40,9603942.46,117991771.18,158710855.61,4568951.44,5904747.60,23803674.95,332710508.58,246723890.36,143418150.11,209210937.52
2024-12-01,-87.81,-226.17,2239.93,7265.45,33.66,13.21,99.60,453.65,272.49,24.75,35.27,66.78,1012.50,2260.11,1866.36,3347.46,290.57,427.27,2658722.20,6497830.74,1036.96,13592.63,56926.72,215092.65,166744.14,14593.46,21654.80,516.47,133.13,1579341.69,6103178.96,149614884.39,1112596714.12,5819337.37,8429025.34,12552364.94,98360345.40,90715063.16,4271688.83,4837699.75,16604209.54,185353455.17,170774925.52,127994355.85,167060548.96
2025-01-01,-92.03,-166.66,2466.26,7455.00,25.13,4.32,69.97,401.83,132.10,30.23,28.63,70.29,866.31,2485.49,1919.27,3119.75,232.29,347.86,2919033.15,6669117.58,797.12,4553.36,39945.32,189013.81,81687.36,17826.55,17685.11,528.26,102.46,448272.73,1642588.56,149500107.06,855471444.30,2284349.41,7873147.14,6519751.33,80249891.18,52106651.54,4263586.77,3837524.79,15230681.99,124694003.36,168061026.22,84313607.74,85744823.53
2025-02-01,-88.86,-156.56,2231.94,6877.70,15.12,2.06,77.75,408.03,191.31,23.64,37.00,66.94,871.90,2442.91,1704.69,2722.83,214.28,261.47,2647711.79,6144608.51,586.32,2292.08,44165.33,196409.00,115150.32,13937.70,22823.72,527.17,97.16,1457935.97,1135272.22,188284580.32,643151293.98,1572554.45,1507854.51,19811907.78,57047931.72,47552967.24,7910489.39,2846856.86,16412948.16,130838268.85,184441748.87,77078523.59,97816255.22
2025-03-01,-100.27,-147.80,2709.49,7849.03,15.58,0.18,67.64,374.84,132.22,23.60,34.53,73.89,957.87,2667.76,1529.92,2329.38,145.40,156.90,3222173.60,7012554.19,580.08,227.69,38684.26,181152.32,80056.10,13915.23,21446.52,570.84,87.96,2642117.95,2731393.84,196156513.33,738937067.64,1733878.20,57821.55,7184932.76,45663589.80,25861817.47,3432049.40,2744923.91,11332571.88,126335511.42,167910288.56,55770430.88,62589212.43
2025-04-01,-123.31,-141.86,2743.39,6589.65,0.92,0.37,79.93,429.73,166.63,42.57,30.13,95.02,1026.02,2077.46,1402.36,2037.75,124.69,192.07,3267133.50,5922641.47,268.06,305.30,45839.11,193156.60,106601.83,25103.49,18530.35,582.11,104.78,3585694.82,985608.95,231918145.29,753886127.51,676342.51,121528.99,11141793.22,62957122.69,39532058.55,6407228.50,2929786.28,17520881.80,146753516.74,156792091.83,48634002.62,47445637.60
2025-05-01,-138.70,-152.61,2821.46,7317.80,2.20,3.13,83.24,487.29,341.33,39.30,27.96,109.61,1251.30,2616.28,1199.80,1660.90,198.97,95.93,3341623.16,6575370.39,351.69,2616.82,47196.02,211605.80,201550.66,23172.43,17071.54,589.72,110.96,7022817.85,4032936.83,252381258.36,874871857.29,1279625.03,537316.65,11644287.83,72000391.26,70127097.14,6238937.67,2642590.65,21504811.28,208359441.47,166972930.46,58595135.81,62562197.51
2025-06-01,-174.93,-159.98,2705.38,8060.43,23.26,1.62,229.11,590.53,642.80,66.52,23.66,143.58,1375.82,2933.23,1027.94,1445.95,131.31,45.46,3183490.77,7225772.67,924.30,1770.98,127597.25,246059.93,406581.68,39224.95,14455.78,593.92,274.69,16182507.91,7004686.18,716917648.61,1937622128.51,8518882.61,712782.45,116087426.35,249229661.93,478213655.34,30822749.44,4269713.40,105329400.09,605908380.29,327932714.49,69984297.03,97116743.49
2025-07-01,-174.49,-155.76,3023.90,8115.80,44.72,3.31,114.10,564.72,351.63,45.47,26.54,144.08,1157.41,3742.91,1135.60,1599.44,190.56,114.06,3592268.44,7280683.43,1482.60,4284.64,64029.41,244494.82,217522.26,26813.95,16236.93,579.95,104.99,9338616.87,2601830.06,274789989.12,813928658.84,4906140.87,4262085.17,32477292.06,111760204.28,98963675.58,16594262.47,2217423.44,28576242.50,156425701.10,256495584.85,46246437.76,50978153.65
2025-08-01,-191.92,-163.95,2767.59,7615.22,41.11,0.62,109.35,704.33,329.71,43.29,20.98,155.42,1140.09,3192.02,1295.99,2042.09,194.76,284.49,3298720.63,6811171.91,1317.06,669.45,61839.27,325413.93,200866.59,25530.81,12626.57,562.15,104.80,8042902.53,889220.15,282994815.26,788422493.61,4457679.37,162518.86,19118828.30,98030367.64,60038196.49,7424409.92,1658067.23,27108831.28,170368674.41,239185814.40,43625626.96,47743597.46
2025-09-01,-185.07,-220.46,1976.88,6290.19,37.50,1.41,100.19,315.39,178.81,17.33,22.82,150.97,1117.04,3388.46,1322.32,2614.04,496.27,484.08,2330070.65,5605378.51,1325.57,1338.01,56083.79,148514.32,110148.74,10220.23,13788.58,483.24,71.12,1722530.42,-2342066.54,136303759.90,497595805.66,3196390.59,442284.16,12427302.11,38100973.79,31612107.87,2754126.60,1239027.84,19044142.24,82592871.45,153720776.28,9116254.63,2787185.65
2025-10-01,-213.86,-190.02,1969.23,6356.38,52.37,1.92,79.95,266.51,205.20,29.71,27.98,170.41,1154.14,3170.78,1672.38,3038.97,551.61,595.82,2358672.75,5665694.65,1669.11,1846.51,45900.36,128971.58,120193.64,17522.91,16939.11,469.73,69.92,2021044.16,-1574190.10,124605475.93,511321024.37,4149188.45,333451.44,6979217.77,28589943.77,30122753.78,4107519.33,1618872.56,19810741.80,86709787.41,144289045.33,30233607.30,21480090.25
2025-11-01,-221.77,-189.96,2075.16,6258.41,36.15,1.13,31.79,269.18,143.53,19.28,24.35,175.56,1008.42,3056.95,1814.96,3119.31,572.01,598.81,2474006.42,5591624.84,1233.37,1175.10,18302.70,129487.02,84403.64,11369.00,14799.28,472.49,67.31,-175627.60,-228636.42,87097065.41,515472459.12,2845538.37,372739.07,1333247.53,27128567.29,17241668.34,2255273.70,1582217.53,20040834.95,82900461.53,133119260.06,46470944.44,28951960.51
2025-12-01,-300.90,-185.59,2170.78,6657.17,24.36,1.12,56.22,284.37,147.98,21.71,27.37,248.08,974.24,2806.78,2124.14,3577.13,512.66,690.05,2576208.55,5935102.35,891.28,980.67,31910.71,135237.65,90233.84,12802.97,16731.30,472.24,66.52,-890153.78,848056.78,82022716.99,494554103.69,1876037.83,360766.74,4736498.72,30073669.36,27196522.72,3126939.21,1518898.79,22934075.33,99333585.67,131370153.68,60760436.61,61869217.57
2026-01-01,-317.06,-157.64,2441.92,6989.83,40.74,0.49,71.10,242.52,139.72,12.54,23.47,254.58,1000.54,3086.35,2234.23,3464.39,356.09,431.07,2900591.68,6247803.73,1336.21,554.18,40477.39,119200.33,85915.78,7395.90,14244.34,482.26,86.64,4507833.72,2723120.51,120298027.26,532948010.76,3023830.44,663033.76,43788745.59,67027199.63,76524452.66,13629413.40,1554679.09,59356272.84,131696617.24,187378799.30,74422531.39,113697824.09
2026-02-01,-301.47,-111.33,2274.97,6626.85,46.21,1.33,29.95,302.18,133.79,16.86,23.69,244.41,995.17,2737.51,1836.49,2734.44,201.14,277.35,2693120.45,5914565.71,1370.03,1382.64,17243.55,142193.92,79713.81,9940.19,14377.26,504.46,76.83,7445301.34,2615741.26,115758960.20,544324500.04,3801419.32,324375.22,2334785.58,33473968.57,24978656.92,2578796.51,1661118.92,28759052.59,109697552.35,158054534.32,93828778.91,144335918.44